0,0.01954717155046334,0.0,0.05864151465139002,0.01954717155046334,0.01954717155046334,0.01954717155046334,0.0,0.01954717155046334,0.0,0.01954717155046334,0.0,0.05864151465139002,0.05864151465139002,0.01954717155046334,0.03909434310092668,0.07818868620185336,0.25413444991388623,0.3158277759759202
0,0.01892931514889428,0.03785863029778856,0.01892931514889428,0.03785863029778856,0.056787945446682836,0.0,0.0,0.01892931514889428,0.0,0.03785863029778856,0.0,0.01892931514889428,0.056787945446682836,0.0,0.03785863029778856,0.056787945446682836,0.2660619723155378,0.3364224095576822
0,0.01817340321657485,0.01817340321657485,0.0,0.0363468064331497,0.0363468064331497,0.01817340321657485,0.0,0.01817340321657485,0.0363468064331497,0.0,0.01817340321657485,0.01817340321657485,0.0,0.0363468064331497,0.054520209649724545,0.0726936128662994,0.263660382606999,0.3546981498449293
0,0.0,0.0,0.016729343107186077,0.03345868621437215,0.05018802932155823,0.0,0.0,0.0,0.0,0.05018802932155823,0.0,0.05018802932155823,0.016729343107186077,0.0,0.0669173724287443,0.05018802932155823,0.2918172671153087,0.37359587074096995
0,0.020773739992345254,0.04154747998469051,0.04154747998469051,0.020773739992345254,0.08309495996938102,0.0,0.0,0.020773739992345254,0.020773739992345254,0.020773739992345254,0.0,0.04154747998469051,0.0,0.04154747998469051,0.04154747998469051,0.04154747998469051,0.3061029377955963,0.25764852236515345
0,0.020617641295362817,0.020617641295362817,0.04123528259072563,0.0,0.020617641295362817,0.020617641295362817,0.0,0.06185292388608844,0.04123528259072563,0.020617641295362817,0.020617641295362817,0.04123528259072563,0.0,0.04123528259072563,0.04123528259072563,0.020617641295362817,0.30051268560958044,0.2871344884831634
0,0.01757633784198256,0.0,0.05272901352594767,0.01757633784198256,0.03515267568396512,0.01757633784198256,0.01757633784198256,0.0,0.03515267568396512,0.03515267568396512,0.0,0.05272901352594767,0.01757633784198256,0.0,0.05272901352594767,0.0,0.3195342764246429,0.32893896673570594
0,0.0,0.016715341064799643,0.05014602319439892,0.033430682129599286,0.05014602319439892,0.0,0.0,0.016715341064799643,0.016715341064799643,0.05014602319439892,0.033430682129599286,0.016715341064799643,0.033430682129599286,0.0,0.033430682129599286,0.016715341064799643,0.2975843091251745,0.3346781874492334
0,0.0,0.021532624402200627,0.043065248804401254,0.0,0.043065248804401254,0.08613049760880251,0.021532624402200627,0.06459787320660187,0.021532624402200627,0.021532624402200627,0.021532624402200627,0.021532624402200627,0.0,0.08613049760880251,0.021532624402200627,0.0,0.27729714484429907,0.24898511830728698
0,0.03800989180138709,0.05701483770208064,0.019004945900693546,0.03800989180138709,0.07601978360277419,0.019004945900693546,0.0,0.019004945900693546,0.019004945900693546,0.0,0.019004945900693546,0.0,0.019004945900693546,0.03800989180138709,0.0,0.03800989180138709,0.2510758437710134,0.3498202923144222
0,0.061466885507607275,0.040977923671738185,0.0,0.020488961835869093,0.020488961835869093,0.0,0.0,0.061466885507607275,0.020488961835869093,0.0,0.0,0.040977923671738185,0.020488961835869093,0.040977923671738185,0.061466885507607275,0.020488961835869093,0.2710146330673583,0.31920613021525984
0,0.0,0.020689937812259026,0.0,0.020689937812259026,0.020689937812259026,0.0827597512490361,0.04137987562451805,0.04137987562451805,0.0,0.04137987562451805,0.020689937812259026,0.020689937812259026,0.020689937812259026,0.062069813436777074,0.020689937812259026,0.020689937812259026,0.25204248995350237,0.3134688159890581
0,0.019316849567273,0.038633699134546,0.057950548701818996,0.0,0.019316849567273,0.019316849567273,0.0,0.038633699134546,0.057950548701818996,0.019316849567273,0.038633699134546,0.0,0.0,0.0,0.038633699134546,0.019316849567273,0.2842987662322105,0.3486810919896026
0,0.0,0.0,0.0,0.01576798756417484,0.01576798756417484,0.06307195025669936,0.01576798756417484,0.06307195025669936,0.0,0.06307195025669936,0.0,0.01576798756417484,0.0,0.03153597512834968,0.06307195025669936,0.0,0.2764647018326686,0.3766395717554849
0,0.05117644623068724,0.03411763082045816,0.01705881541022908,0.03411763082045816,0.01705881541022908,0.0,0.0,0.01705881541022908,0.06823526164091633,0.0,0.0,0.01705881541022908,0.01705881541022908,0.0,0.06823526164091633,0.01705881541022908,0.33048994787326624,0.3112749285119231
0,0.05578539378399818,0.0,0.05578539378399818,0.03719026252266546,0.05578539378399818,0.0,0.0,0.0,0.0,0.03719026252266546,0.0,0.05578539378399818,0.03719026252266546,0.01859513126133273,0.03719026252266546,0.01859513126133273,0.2565425140179784,0.33436459823270154
0,0.033962749428357766,0.016981374714178883,0.016981374714178883,0.033962749428357766,0.016981374714178883,0.016981374714178883,0.0,0.016981374714178883,0.05094412414253665,0.0,0.033962749428357766,0.016981374714178883,0.0,0.016981374714178883,0.05094412414253665,0.033962749428357766,0.33583634718531014,0.3075547838169334
0,0.0,0.020126367253814312,0.0,0.020126367253814312,0.020126367253814312,0.060379101761442934,0.020126367253814312,0.040252734507628625,0.0,0.040252734507628625,0.020126367253814312,0.040252734507628625,0.020126367253814312,0.020126367253814312,0.060379101761442934,0.040252734507628625,0.23380089231703932,0.34354539535285994
0,0.0,0.0,0.0,0.031183307316691878,0.031183307316691878,0.0,0.0,0.015591653658345939,0.0,0.062366614633383756,0.0,0.031183307316691878,0.0,0.0,0.0779582682917297,0.04677496097503782,0.2994276472380518,0.4043309332533754
0,0.0,0.0,0.06331423875731053,0.0,0.06331423875731053,0.0,0.0,0.015828559689327632,0.0,0.07914279844663816,0.04748567906798289,0.015828559689327632,0.0,0.015828559689327632,0.031657119378655264,0.0,0.3008887991867828,0.36671144733733696
0,0.0,0.0,0.017641571431540312,0.017641571431540312,0.0,0.035283142863080624,0.035283142863080624,0.017641571431540312,0.0,0.017641571431540312,0.017641571431540312,0.052924714294620936,0.035283142863080624,0.035283142863080624,0.035283142863080624,0.052924714294620936,0.26520593988551744,0.36432106005213594
0,0.02584927523827785,0.0516985504765557,0.0516985504765557,0.0,0.07754782571483354,0.0516985504765557,0.02584927523827785,0.02584927523827785,0.0,0.02584927523827785,0.02584927523827785,0.0516985504765557,0.02584927523827785,0.07754782571483354,0.0,0.0,0.21129041977025842,0.2717240754641846
0,0.021616580909911417,0.06484974272973425,0.043233161819822834,0.0,0.06484974272973425,0.0,0.0,0.043233161819822834,0.021616580909911417,0.021616580909911417,0.0,0.043233161819822834,0.021616580909911417,0.021616580909911417,0.043233161819822834,0.043233161819822834,0.30758988132806897,0.23846191956379126
0,0.0,0.0,0.024405207885500935,0.0,0.024405207885500935,0.12202603942750469,0.0,0.09762083154200374,0.0,0.024405207885500935,0.04881041577100187,0.0,0.0,0.0732156236565028,0.024405207885500935,0.024405207885500935,0.22534869010802686,0.31095236006745536
0,0.05104726125707198,0.02552363062853599,0.02552363062853599,0.02552363062853599,0.05104726125707198,0.0,0.0,0.0,0.0,0.0,0.0,0.10209452251414396,0.02552363062853599,0.05104726125707198,0.05104726125707198,0.07657089188560796,0.23102104563825498,0.2840299724195611
0,0.03648683895954743,0.018243419479773714,0.03648683895954743,0.03648683895954743,0.018243419479773714,0.0,0.0,0.018243419479773714,0.03648683895954743,0.0,0.03648683895954743,0.03648683895954743,0.018243419479773714,0.018243419479773714,0.03648683895954743,0.03648683895954743,0.2745581202991099,0.3423300706256421
0,0.01678068750941479,0.0,0.03356137501882958,0.01678068750941479,0.01678068750941479,0.01678068750941479,0.01678068750941479,0.01678068750941479,0.01678068750941479,0.03356137501882958,0.03356137501882958,0.05034206252824437,0.0,0.01678068750941479,0.06712275003765916,0.01678068750941479,0.3113776304769018,0.31944724431597277
0,0.03685222379909237,0.03685222379909237,0.0,0.018426111899546186,0.03685222379909237,0.0,0.03685222379909237,0.03685222379909237,0.0,0.03685222379909237,0.018426111899546186,0.018426111899546186,0.0,0.03685222379909237,0.018426111899546186,0.055278335698638555,0.33324115100439594,0.2798104991051343
0,0.019873664708413223,0.019873664708413223,0.05962099412523966,0.0,0.019873664708413223,0.039747329416826446,0.0,0.039747329416826446,0.039747329416826446,0.019873664708413223,0.019873664708413223,0.019873664708413223,0.039747329416826446,0.019873664708413223,0.019873664708413223,0.019873664708413223,0.2700115013309811,0.33251520450075434
0,0.01723870142295525,0.0344774028459105,0.0344774028459105,0.0,0.068954805691821,0.01723870142295525,0.0,0.05171610426886575,0.0,0.05171610426886575,0.01723870142295525,0.0,0.01723870142295525,0.01723870142295525,0.01723870142295525,0.01723870142295525,0.25677241644236765,0.381214853675572
0,0.0501359442914006,0.0250679721457003,0.0250679721457003,0.0250679721457003,0.0752039164371009,0.0752039164371009,0.0,0.0,0.0,0.0,0.0,0.0752039164371009,0.0250679721457003,0.0501359442914006,0.0501359442914006,0.0501359442914006,0.18249503566788136,0.29107754927241236
0,0.0347711194137793,0.0,0.01738555970688965,0.01738555970688965,0.0,0.0,0.0,0.0347711194137793,0.01738555970688965,0.01738555970688965,0.0347711194137793,0.01738555970688965,0.01738555970688965,0.0347711194137793,0.0347711194137793,0.0695422388275586,0.2576457604228253,0.39464304543938167
0,0.0,0.01692974955706201,0.01692974955706201,0.01692974955706201,0.01692974955706201,0.0,0.0,0.05078924867118602,0.0,0.03385949911412402,0.03385949911412402,0.03385949911412402,0.01692974955706201,0.03385949911412402,0.05078924867118602,0.05078924867118602,0.2849854575738635,0.34256005217077234
0,0.053456161170749,0.03563744078049933,0.017818720390249666,0.017818720390249666,0.017818720390249666,0.017818720390249666,0.0,0.03563744078049933,0.03563744078049933,0.0,0.017818720390249666,0.017818720390249666,0.017818720390249666,0.017818720390249666,0.053456161170749,0.017818720390249666,0.24132382933628457,0.3844830424684724
0,0.037111519765573156,0.0,0.018555759882786578,0.05566727964835973,0.0,0.0,0.018555759882786578,0.018555759882786578,0.018555759882786578,0.018555759882786578,0.05566727964835973,0.037111519765573156,0.05566727964835973,0.018555759882786578,0.037111519765573156,0.018555759882786578,0.28825482734402313,0.30351845523467214
0,0.017253263600508995,0.017253263600508995,0.0,0.0,0.0,0.03450652720101799,0.0,0.051759790801526984,0.017253263600508995,0.03450652720101799,0.08626631800254497,0.03450652720101799,0.0,0.0,0.06901305440203598,0.0,0.2641290683570709,0.37355239603224016
0,0.017952009897842503,0.017952009897842503,0.0,0.035904019795685006,0.035904019795685006,0.0,0.017952009897842503,0.017952009897842503,0.0,0.017952009897842503,0.053856029693527506,0.053856029693527506,0.0,0.035904019795685006,0.053856029693527506,0.035904019795685006,0.2692081001275709,0.33584768211989413
0,0.0,0.0,0.03921355617010612,0.0,0.0,0.01960677808505306,0.0,0.01960677808505306,0.0,0.0,0.05882033425515918,0.07842711234021224,0.03921355617010612,0.01960677808505306,0.05882033425515918,0.07842711234021224,0.23309312306490426,0.3551645371489813
0,0.020682541138089466,0.020682541138089466,0.04136508227617893,0.0,0.04136508227617893,0.0,0.0,0.04136508227617893,0.0,0.04136508227617893,0.020682541138089466,0.04136508227617893,0.020682541138089466,0.04136508227617893,0.04136508227617893,0.04136508227617893,0.2842733989126962,0.30207577832551463
0,0.05736106488408121,0.019120354961360404,0.07648141984544161,0.0,0.03824070992272081,0.0,0.0,0.019120354961360404,0.0,0.03824070992272081,0.019120354961360404,0.05736106488408121,0.03824070992272081,0.0,0.03824070992272081,0.019120354961360404,0.28244318970434973,0.2969090011457215
0,0.0,0.0,0.021353600654539853,0.0,0.0,0.08541440261815941,0.021353600654539853,0.08541440261815941,0.021353600654539853,0.021353600654539853,0.042707201309079706,0.021353600654539853,0.0,0.08541440261815941,0.021353600654539853,0.021353600654539853,0.2802329606422517,0.2713414256124112
0,0.02014299615873516,0.0,0.060428988476205474,0.04028599231747032,0.02014299615873516,0.0,0.0,0.0,0.04028599231747032,0.02014299615873516,0.10071498079367579,0.02014299615873516,0.04028599231747032,0.0,0.02014299615873516,0.0,0.2974549836598328,0.31982808932419915
0,0.0,0.0,0.08889591942652768,0.017779183885305538,0.017779183885305538,0.0,0.0,0.0,0.017779183885305538,0.017779183885305538,0.035558367770611075,0.07111673554122215,0.05333755165591661,0.0,0.017779183885305538,0.035558367770611075,0.30159592430830645,0.32504121410027725
0,0.018005836071980336,0.0,0.03601167214396067,0.03601167214396067,0.03601167214396067,0.0,0.0,0.018005836071980336,0.0,0.03601167214396067,0.0,0.018005836071980336,0.018005836071980336,0.03601167214396067,0.018005836071980336,0.10803501643188201,0.27365521215593125,0.34822223033248173
0,0.0,0.0713297956259374,0.023776598541979135,0.0,0.09510639416791654,0.11888299270989566,0.0,0.04755319708395827,0.0,0.023776598541979135,0.0,0.0,0.0,0.0713297956259374,0.0,0.04755319708395827,0.25033728218756396,0.2503541484308741
0,0.019303784845295942,0.038607569690591884,0.038607569690591884,0.019303784845295942,0.05791135453588782,0.0,0.0,0.019303784845295942,0.038607569690591884,0.019303784845295942,0.019303784845295942,0.019303784845295942,0.0,0.019303784845295942,0.05791135453588782,0.019303784845295942,0.3164585420178607,0.29746576107622047
0,0.01897449508829872,0.056923485264896156,0.01897449508829872,0.056923485264896156,0.01897449508829872,0.01897449508829872,0.0,0.01897449508829872,0.07589798035319488,0.0,0.0,0.0,0.01897449508829872,0.0,0.056923485264896156,0.01897449508829872,0.2941794256623782,0.32633067257164744
0,0.0,0.0,0.018255045470091633,0.07302018188036653,0.03651009094018327,0.03651009094018327,0.0,0.0,0.018255045470091633,0.018255045470091633,0.018255045470091633,0.03651009094018327,0.03651009094018327,0.018255045470091633,0.054765136410274896,0.018255045470091633,0.24528429435101687,0.37135975077705896
0,0.01862782441439292,0.01862782441439292,0.01862782441439292,0.055883473243178765,0.01862782441439292,0.0,0.0,0.03725564882878584,0.03725564882878584,0.0,0.0,0.01862782441439292,0.03725564882878584,0.055883473243178765,0.03725564882878584,0.03725564882878584,0.3296875941804089,0.2791280931173396
0,0.03789930620111056,0.01894965310055528,0.01894965310055528,0.01894965310055528,0.03789930620111056,0.0,0.0,0.05684895930166584,0.01894965310055528,0.03789930620111056,0.01894965310055528,0.01894965310055528,0.01894965310055528,0.03789930620111056,0.05684895930166584,0.0,0.28595216440438603,0.316105120483953
0,0.023087141320761458,0.023087141320761458,0.046174282641522915,0.0,0.046174282641522915,0.023087141320761458,0.023087141320761458,0.023087141320761458,0.0,0.0,0.023087141320761458,0.09234856528304583,0.023087141320761458,0.046174282641522915,0.023087141320761458,0.046174282641522915,0.2624634094562171,0.27579376412855383
0,0.036555475912188135,0.05483321386828221,0.036555475912188135,0.0,0.07311095182437627,0.0,0.0,0.018277737956094067,0.036555475912188135,0.036555475912188135,0.036555475912188135,0.018277737956094067,0.0,0.0,0.036555475912188135,0.0,0.2872898575031007,0.3288776454189239
0,0.0,0.0,0.0,0.03787968732330801,0.018939843661654004,0.07575937464661602,0.0,0.05681953098496201,0.0,0.018939843661654004,0.0,0.018939843661654004,0.018939843661654004,0.05681953098496201,0.03787968732330801,0.05681953098496201,0.2245881642383407,0.3776751188669252
0,0.0,0.03840410344809765,0.03840410344809765,0.0,0.03840410344809765,0.11521231034429294,0.0,0.03840410344809765,0.019202051724048826,0.03840410344809765,0.0,0.0,0.0,0.019202051724048826,0.019202051724048826,0.019202051724048826,0.2617924490703214,0.3541665164487022
0,0.017875376118791562,0.035750752237583124,0.05362612835637468,0.0,0.017875376118791562,0.0,0.0,0.035750752237583124,0.05362612835637468,0.017875376118791562,0.05362612835637468,0.017875376118791562,0.0,0.017875376118791562,0.035750752237583124,0.017875376118791562,0.25135762085573515,0.3732594806496419
0,0.04162706974250803,0.06244060461376204,0.020813534871254015,0.020813534871254015,0.08325413948501606,0.04162706974250803,0.04162706974250803,0.020813534871254015,0.020813534871254015,0.020813534871254015,0.0,0.020813534871254015,0.0,0.06244060461376204,0.0,0.0,0.2975346041866287,0.24456762864578302
0,0.033689369566729695,0.0,0.033689369566729695,0.033689369566729695,0.06737873913345939,0.0,0.0,0.0,0.016844684783364847,0.033689369566729695,0.0,0.016844684783364847,0.0,0.016844684783364847,0.033689369566729695,0.06737873913345939,0.3073655931069342,0.33889602644240413
0,0.03841529897157776,0.0,0.07683059794315553,0.01920764948578888,0.01920764948578888,0.0,0.0,0.01920764948578888,0.0,0.03841529897157776,0.01920764948578888,0.057622948457366645,0.07683059794315553,0.0,0.03841529897157776,0.01920764948578888,0.29028715277948036,0.2871445585331642
0,0.05072736048326104,0.0,0.03381824032217403,0.05072736048326104,0.05072736048326104,0.0,0.0,0.0,0.016909120161087015,0.03381824032217403,0.0,0.03381824032217403,0.016909120161087015,0.016909120161087015,0.05072736048326104,0.016909120161087015,0.2785543838342574,0.3494449726218283
0,0.03580259307519905,0.017901296537599524,0.017901296537599524,0.03580259307519905,0.03580259307519905,0.017901296537599524,0.017901296537599524,0.017901296537599524,0.017901296537599524,0.017901296537599524,0.017901296537599524,0.017901296537599524,0.03580259307519905,0.03580259307519905,0.017901296537599524,0.017901296537599524,0.2841591349284842,0.33991363778192574
0,0.03160868170473382,0.01580434085236691,0.047413022557100726,0.01580434085236691,0.01580434085236691,0.0,0.0,0.047413022557100726,0.01580434085236691,0.03160868170473382,0.047413022557100726,0.0,0.03160868170473382,0.01580434085236691,0.01580434085236691,0.01580434085236691,0.28530596114730267,0.3669985401006252
0,0.0,0.0,0.0,0.0,0.0,0.1011047347028614,0.020220946940572276,0.1011047347028614,0.0,0.04044189388114455,0.020220946940572276,0.020220946940572276,0.0,0.060662840821716836,0.04044189388114455,0.020220946940572276,0.24888851578615315,0.326471598461829
0,0.04333560386331644,0.06500340579497466,0.02166780193165822,0.02166780193165822,0.06500340579497466,0.02166780193165822,0.0,0.06500340579497466,0.0,0.02166780193165822,0.0,0.02166780193165822,0.04333560386331644,0.04333560386331644,0.02166780193165822,0.0,0.27970744442903894,0.26526871500613847
0,0.04399603977135043,0.06599405965702564,0.021998019885675214,0.021998019885675214,0.021998019885675214,0.0,0.0,0.04399603977135043,0.04399603977135043,0.0,0.0,0.04399603977135043,0.06599405965702564,0.0,0.06599405965702564,0.0,0.33711541776093684,0.22292418452555882
0,0.03904730935012503,0.05857096402518754,0.019523654675062514,0.019523654675062514,0.019523654675062514,0.03904730935012503,0.019523654675062514,0.019523654675062514,0.019523654675062514,0.0,0.0,0.03904730935012503,0.03904730935012503,0.0,0.019523654675062514,0.05857096402518754,0.2589079348221816,0.3310953170015056
0,0.04404286460129825,0.04404286460129825,0.022021432300649124,0.06606429690194737,0.04404286460129825,0.022021432300649124,0.0,0.022021432300649124,0.022021432300649124,0.022021432300649124,0.022021432300649124,0.022021432300649124,0.04404286460129825,0.0,0.04404286460129825,0.0,0.2654046326714475,0.2941667213155699
0,0.019116794066382743,0.038233588132765485,0.038233588132765485,0.019116794066382743,0.0,0.0,0.019116794066382743,0.019116794066382743,0.038233588132765485,0.0,0.05735038219914822,0.038233588132765485,0.05735038219914822,0.0,0.038233588132765485,0.0,0.28469901162381045,0.3329651070485346
0,0.0,0.02101559816257539,0.0,0.02101559816257539,0.04203119632515078,0.0,0.02101559816257539,0.06304679448772617,0.02101559816257539,0.02101559816257539,0.02101559816257539,0.04203119632515078,0.0,0.06304679448772617,0.06304679448772617,0.04203119632515078,0.2620512298657788,0.2966212087201379
0,0.0,0.0,0.05780455755122243,0.019268185850407474,0.0,0.0,0.0,0.0,0.019268185850407474,0.0,0.05780455755122243,0.09634092925203738,0.05780455755122243,0.0,0.05780455755122243,0.03853637170081495,0.2840277812880261,0.31134031585341687
0,0.0,0.019364990357070004,0.058094971071210005,0.0,0.019364990357070004,0.019364990357070004,0.0,0.019364990357070004,0.03872998071414001,0.019364990357070004,0.07745996142828002,0.03872998071414001,0.0,0.019364990357070004,0.03872998071414001,0.03872998071414001,0.32060918628445984,0.2727260162170701
0,0.0,0.0,0.060489416338442084,0.0,0.0,0.0,0.0,0.020163138779480696,0.020163138779480696,0.020163138779480696,0.020163138779480696,0.10081569389740348,0.04032627755896139,0.0,0.08065255511792278,0.060489416338442084,0.3240476314115605,0.25252645421934494
0,0.07640659631388186,0.015281319262776373,0.030562638525552747,0.015281319262776373,0.045843957788329115,0.030562638525552747,0.015281319262776373,0.015281319262776373,0.015281319262776373,0.030562638525552747,0.015281319262776373,0.0,0.0,0.015281319262776373,0.015281319262776373,0.0,0.27468455592825186,0.38912642029066796
0,0.0,0.036555282450241575,0.018277641225120787,0.018277641225120787,0.054832923675362355,0.0,0.0,0.036555282450241575,0.0,0.054832923675362355,0.018277641225120787,0.0,0.018277641225120787,0.0,0.036555282450241575,0.10966584735072471,0.26070810182370396,0.33718379122363873
0,0.0,0.018704301067216392,0.018704301067216392,0.05611290320164917,0.05611290320164917,0.037408602134432783,0.0,0.0,0.018704301067216392,0.018704301067216392,0.037408602134432783,0.0,0.0,0.037408602134432783,0.018704301067216392,0.05611290320164917,0.23477492814971118,0.39113905050596093
0,0.036880839850808936,0.018440419925404468,0.07376167970161787,0.0,0.0553212597762134,0.0,0.0,0.018440419925404468,0.0,0.036880839850808936,0.018440419925404468,0.0553212597762134,0.036880839850808936,0.0,0.036880839850808936,0.018440419925404468,0.2897460147424111,0.30456474689869073
0,0.08253922549969184,0.016507845099938367,0.049523535299815104,0.016507845099938367,0.016507845099938367,0.0,0.016507845099938367,0.016507845099938367,0.033015690199876734,0.033015690199876734,0.0,0.016507845099938367,0.016507845099938367,0.0,0.016507845099938367,0.016507845099938367,0.2940442843741793,0.3592909685271151
0,0.0,0.03833780244043962,0.01916890122021981,0.05750670366065942,0.05750670366065942,0.03833780244043962,0.0,0.0,0.01916890122021981,0.01916890122021981,0.03833780244043962,0.0,0.01916890122021981,0.01916890122021981,0.01916890122021981,0.03833780244043962,0.23372890957974649,0.38289306601585743
0,0.0,0.043092448093135144,0.043092448093135144,0.0,0.08618489618627029,0.0,0.0,0.021546224046567572,0.0,0.043092448093135144,0.021546224046567572,0.0646386721397027,0.0,0.0,0.0646386721397027,0.043092448093135144,0.2722800213146912,0.2967954977539576
0,0.0,0.0,0.05563087650171442,0.018543625500571474,0.018543625500571474,0.0,0.0,0.018543625500571474,0.0,0.05563087650171442,0.03708725100114295,0.05563087650171442,0.03708725100114295,0.0,0.05563087650171442,0.03708725100114295,0.27262220591470465,0.3379616585732944
0,0.0,0.042688209455276634,0.042688209455276634,0.0,0.042688209455276634,0.06403231418291494,0.0,0.042688209455276634,0.021344104727638317,0.0,0.0,0.06403231418291494,0.021344104727638317,0.042688209455276634,0.042688209455276634,0.042688209455276634,0.2806647364702728,0.24976495952168415
0,0.0,0.0,0.019117268239660517,0.0,0.019117268239660517,0.019117268239660517,0.038234536479321034,0.019117268239660517,0.0,0.038234536479321034,0.019117268239660517,0.07646907295864207,0.0,0.038234536479321034,0.07646907295864207,0.038234536479321034,0.287635057318038,0.31090230964909105
0,0.0,0.0,0.038540924719499964,0.019270462359749982,0.019270462359749982,0.0,0.0,0.019270462359749982,0.0,0.038540924719499964,0.038540924719499964,0.07708184943899993,0.038540924719499964,0.0,0.07708184943899993,0.038540924719499964,0.2792120865561524,0.31610820388909805
0,0.03542907107700881,0.017714535538504404,0.0,0.03542907107700881,0.0,0.017714535538504404,0.017714535538504404,0.017714535538504404,0.017714535538504404,0.017714535538504404,0.05314360661551322,0.03542907107700881,0.03542907107700881,0.0,0.05314360661551322,0.017714535538504404,0.2711897023535804,0.3568050513378271
0,0.0,0.01892032659660289,0.03784065319320578,0.01892032659660289,0.0,0.0,0.0,0.01892032659660289,0.03784065319320578,0.0,0.05676097978980867,0.05676097978980867,0.01892032659660289,0.0,0.05676097978980867,0.07568130638641156,0.25182075589463526,0.3508523855767041
0,0.04101348147704751,0.04101348147704751,0.04101348147704751,0.0,0.020506740738523755,0.0,0.0,0.04101348147704751,0.06152022221557127,0.0,0.04101348147704751,0.020506740738523755,0.0,0.020506740738523755,0.04101348147704751,0.020506740738523755,0.2474421277831938,0.36292979818485477
0,0.0357532770937841,0.0357532770937841,0.01787663854689205,0.01787663854689205,0.0357532770937841,0.0,0.0357532770937841,0.01787663854689205,0.01787663854689205,0.01787663854689205,0.01787663854689205,0.053629915640676144,0.0,0.0357532770937841,0.0357532770937841,0.01787663854689205,0.32790192698113374,0.27881202498724134
0,0.01875537356343596,0.03751074712687192,0.01875537356343596,0.03751074712687192,0.01875537356343596,0.03751074712687192,0.0,0.03751074712687192,0.056266120690307876,0.01875537356343596,0.0,0.0,0.01875537356343596,0.0,0.056266120690307876,0.01875537356343596,0.29615885045653423,0.3287336782747466
0,0.0180322502495552,0.0,0.0180322502495552,0.0180322502495552,0.0,0.0360645004991104,0.0,0.0360645004991104,0.0180322502495552,0.0180322502495552,0.0180322502495552,0.0180322502495552,0.0,0.0360645004991104,0.0360645004991104,0.0721290009982208,0.2636414801456212,0.3937457651128301
0,0.01734426214594487,0.0,0.06937704858377948,0.03468852429188974,0.03468852429188974,0.0,0.0,0.01734426214594487,0.01734426214594487,0.03468852429188974,0.01734426214594487,0.03468852429188974,0.052032786437834606,0.01734426214594487,0.03468852429188974,0.0,0.319493827073396,0.2989324057158168
0,0.018889198810996224,0.018889198810996224,0.03777839762199245,0.03777839762199245,0.05666759643298867,0.0,0.0,0.0,0.0,0.03777839762199245,0.018889198810996224,0.03777839762199245,0.03777839762199245,0.0,0.05666759643298867,0.03777839762199245,0.26095328515150357,0.3423735398175757
0,0.039890700894491975,0.0,0.05983605134173795,0.0,0.0,0.019945350447245987,0.0,0.039890700894491975,0.019945350447245987,0.019945350447245987,0.039890700894491975,0.019945350447245987,0.019945350447245987,0.019945350447245987,0.019945350447245987,0.07978140178898395,0.2773871892276583,0.323705801827422
0,0.018919642978366645,0.03783928595673329,0.018919642978366645,0.03783928595673329,0.03783928595673329,0.0,0.0,0.03783928595673329,0.018919642978366645,0.018919642978366645,0.03783928595673329,0.018919642978366645,0.03783928595673329,0.018919642978366645,0.03783928595673329,0.018919642978366645,0.2655135508532416,0.3371739466010588
0,0.03585128430779844,0.01792564215389922,0.03585128430779844,0.03585128430779844,0.05377692646169765,0.01792564215389922,0.0,0.0,0.01792564215389922,0.01792564215389922,0.0,0.03585128430779844,0.01792564215389922,0.01792564215389922,0.03585128430779844,0.05377692646169765,0.26726175264852825,0.338374119965689
0,0.016555560952033255,0.016555560952033255,0.049666682856099764,0.016555560952033255,0.016555560952033255,0.0,0.0,0.03311112190406651,0.049666682856099764,0.03311112190406651,0.0,0.016555560952033255,0.016555560952033255,0.016555560952033255,0.049666682856099764,0.0,0.37363979237437445,0.2952489885849605
0,0.017977581204130854,0.03595516240826171,0.0,0.0,0.03595516240826171,0.017977581204130854,0.017977581204130854,0.053932743612392565,0.0,0.017977581204130854,0.017977581204130854,0.03595516240826171,0.0,0.03595516240826171,0.03595516240826171,0.053932743612392565,0.2536408368474411,0.3688299578658109
0,0.018413605630621672,0.0,0.036827211261243345,0.018413605630621672,0.036827211261243345,0.018413605630621672,0.0,0.018413605630621672,0.0,0.018413605630621672,0.018413605630621672,0.05524081689186502,0.018413605630621672,0.036827211261243345,0.05524081689186502,0.05524081689186502,0.2709045632670918,0.32399611285923136
0,0.04320009207080103,0.0,0.08640018414160205,0.0,0.021600046035400514,0.0,0.0,0.0,0.06480013810620154,0.021600046035400514,0.04320009207080103,0.021600046035400514,0.021600046035400514,0.0,0.021600046035400514,0.0,0.33277601456590356,0.3216232488676883
0,0.019967750023350984,0.019967750023350984,0.0,0.059903250070052955,0.03993550004670197,0.019967750023350984,0.019967750023350984,0.019967750023350984,0.0,0.019967750023350984,0.019967750023350984,0.03993550004670197,0.03993550004670197,0.03993550004670197,0.03993550004670197,0.019967750023350984,0.2637708924688811,0.3169063570407481
0,0.05911474387027495,0.0,0.05911474387027495,0.0,0.0,0.0,0.0,0.019704914623424982,0.05911474387027495,0.019704914623424982,0.05911474387027495,0.019704914623424982,0.0,0.0,0.039409829246849964,0.019704914623424982,0.3070316155198969,0.3382799212584535
0,0.023594371092635093,0.023594371092635093,0.07078311327790528,0.0,0.04718874218527019,0.023594371092635093,0.0,0.04718874218527019,0.04718874218527019,0.0,0.07078311327790528,0.04718874218527019,0.023594371092635093,0.04718874218527019,0.023594371092635093,0.0,0.21770683607368907,0.28681137098097415
0,0.043708951217213965,0.06556342682582093,0.021854475608606982,0.021854475608606982,0.06556342682582093,0.021854475608606982,0.0,0.06556342682582093,0.0,0.021854475608606982,0.0,0.021854475608606982,0.043708951217213965,0.06556342682582093,0.021854475608606982,0.0,0.2539389928512893,0.26526254375935726
0,0.014434868779735342,0.0,0.04330460633920602,0.028869737559470685,0.028869737559470685,0.0,0.0,0.028869737559470685,0.014434868779735342,0.05773947511894137,0.028869737559470685,0.0,0.014434868779735342,0.0,0.028869737559470685,0.0,0.3125928363074416,0.39870978809785157
0,0.06585423106727774,0.04390282071151849,0.04390282071151849,0.0,0.04390282071151849,0.06585423106727774,0.0,0.04390282071151849,0.0,0.021951410355759246,0.021951410355759246,0.04390282071151849,0.021951410355759246,0.021951410355759246,0.021951410355759246,0.0,0.20010814295092139,0.3389122395781343
0,0.03276865752781974,0.01638432876390987,0.03276865752781974,0.01638432876390987,0.01638432876390987,0.0,0.03276865752781974,0.01638432876390987,0.03276865752781974,0.0491529862917296,0.0,0.03276865752781974,0.0,0.0,0.0491529862917296,0.03276865752781974,0.37799076593782494,0.26155400125615796
0,0.05785847257307592,0.038572315048717276,0.019286157524358638,0.019286157524358638,0.019286157524358638,0.05785847257307592,0.019286157524358638,0.019286157524358638,0.038572315048717276,0.0,0.019286157524358638,0.019286157524358638,0.019286157524358638,0.019286157524358638,0.038572315048717276,0.0,0.2499057796580079,0.3450849123304608
0,0.059786280510808934,0.019928760170269646,0.03985752034053929,0.059786280510808934,0.03985752034053929,0.019928760170269646,0.019928760170269646,0.0,0.03985752034053929,0.0,0.019928760170269646,0.019928760170269646,0.019928760170269646,0.03985752034053929,0.0,0.0,0.27226952634770324,0.32915527024690394
0,0.0622847402366521,0.041523160157768066,0.020761580078884033,0.020761580078884033,0.020761580078884033,0.0,0.0,0.041523160157768066,0.020761580078884033,0.0,0.041523160157768066,0.041523160157768066,0.041523160157768066,0.020761580078884033,0.0622847402366521,0.0,0.23253645124362973,0.3314703670998055
0,0.0178581568568804,0.0,0.0178581568568804,0.0178581568568804,0.0,0.0,0.0357163137137608,0.0,0.0357163137137608,0.0,0.0357163137137608,0.0714326274275216,0.0,0.0357163137137608,0.0535744705706412,0.0535744705706412,0.31872610015258335,0.3062526058529283
0,0.0,0.04497816570381547,0.04497816570381547,0.022489082851907736,0.022489082851907736,0.0,0.0,0.04497816570381547,0.06746724855572321,0.022489082851907736,0.0,0.022489082851907736,0.022489082851907736,0.0,0.06746724855572321,0.0,0.37430220632352795,0.24338338519404054
0,0.044274607532774075,0.022137303766387038,0.044274607532774075,0.0,0.044274607532774075,0.06641191129916112,0.0,0.022137303766387038,0.022137303766387038,0.044274607532774075,0.0,0.0,0.0,0.022137303766387038,0.022137303766387038,0.0,0.2734108023223539,0.3723923374154536
0,0.016189712613400496,0.016189712613400496,0.04856913784020148,0.016189712613400496,0.03237942522680099,0.016189712613400496,0.0,0.03237942522680099,0.03237942522680099,0.03237942522680099,0.016189712613400496,0.016189712613400496,0.016189712613400496,0.016189712613400496,0.03237942522680099,0.016189712613400496,0.32675179582958036,0.3170745266756087
0,0.0,0.0,0.017951450349178773,0.03590290069835755,0.03590290069835755,0.05385435104753631,0.017951450349178773,0.017951450349178773,0.0,0.03590290069835755,0.05385435104753631,0.03590290069835755,0.017951450349178773,0.017951450349178773,0.03590290069835755,0.017951450349178773,0.25152240547940846,0.35354568683865867
0,0.01979498461911321,0.03958996923822642,0.01979498461911321,0.0,0.0,0.09897492309556606,0.0,0.059384953857339634,0.059384953857339634,0.0,0.0,0.01979498461911321,0.01979498461911321,0.01979498461911321,0.059384953857339634,0.03958996923822642,0.26474317216024357,0.2799721816001526
0,0.057233966738601254,0.03815597782573417,0.019077988912867085,0.019077988912867085,0.019077988912867085,0.019077988912867085,0.019077988912867085,0.03815597782573417,0.03815597782573417,0.0,0.019077988912867085,0.019077988912867085,0.019077988912867085,0.03815597782573417,0.03815597782573417,0.0,0.2639142269095784,0.3354480059202128
0,0.035417474941527104,0.017708737470763552,0.017708737470763552,0.017708737470763552,0.017708737470763552,0.017708737470763552,0.035417474941527104,0.0,0.017708737470763552,0.05312621241229065,0.035417474941527104,0.017708737470763552,0.017708737470763552,0.0,0.035417474941527104,0.0,0.331976467523362,0.33155752053213045
0,0.03873223864743353,0.03873223864743353,0.019366119323716766,0.058098357971150295,0.058098357971150295,0.0,0.019366119323716766,0.0,0.019366119323716766,0.03873223864743353,0.03873223864743353,0.0,0.019366119323716766,0.019366119323716766,0.019366119323716766,0.03873223864743353,0.3033470761168004,0.2705982987614307
0,0.04006807453051933,0.0,0.020034037265259666,0.04006807453051933,0.0,0.020034037265259666,0.0,0.020034037265259666,0.04006807453051933,0.0,0.04006807453051933,0.060102111795779,0.020034037265259666,0.020034037265259666,0.060102111795779,0.04006807453051933,0.27886577306521393,0.3004194443643331
0,0.021535472363554745,0.021535472363554745,0.021535472363554745,0.021535472363554745,0.021535472363554745,0.0,0.0,0.0,0.04307094472710949,0.0,0.04307094472710949,0.08614188945421898,0.0,0.0,0.12921283418132848,0.04307094472710949,0.2660976537273431,0.281657426638007
0,0.04317709863504196,0.04317709863504196,0.04317709863504196,0.02158854931752098,0.02158854931752098,0.02158854931752098,0.0,0.02158854931752098,0.04317709863504196,0.0,0.02158854931752098,0.04317709863504196,0.04317709863504196,0.0,0.04317709863504196,0.04317709863504196,0.24551567193311385,0.3011247923989457
0,0.04120733183101986,0.0,0.06181099774652978,0.0,0.02060366591550993,0.06181099774652978,0.0,0.04120733183101986,0.02060366591550993,0.02060366591550993,0.0,0.04120733183101986,0.02060366591550993,0.02060366591550993,0.04120733183101986,0.04120733183101986,0.25716039183989453,0.31016262393439686
0,0.0,0.04648249310546766,0.04648249310546766,0.0,0.02324124655273383,0.0,0.0,0.04648249310546766,0.06972373965820149,0.0,0.06972373965820149,0.02324124655273383,0.0,0.02324124655273383,0.04648249310546766,0.02324124655273383,0.2093292753471815,0.3723282867036097
0,0.04577389592007037,0.015257965306690123,0.04577389592007037,0.0,0.015257965306690123,0.015257965306690123,0.0,0.030515930613380246,0.030515930613380246,0.030515930613380246,0.0,0.030515930613380246,0.0,0.0,0.04577389592007037,0.015257965306690123,0.3234592340035624,0.35612349455594505
0,0.0,0.047597891833173464,0.047597891833173464,0.0,0.07139683774976019,0.023798945916586732,0.023798945916586732,0.047597891833173464,0.0,0.023798945916586732,0.0,0.09519578366634693,0.023798945916586732,0.07139683774976019,0.047597891833173464,0.0,0.26574957700413954,0.2106736128309524
0,0.04257012937891835,0.06385519406837753,0.0,0.021285064689459177,0.021285064689459177,0.0,0.021285064689459177,0.04257012937891835,0.021285064689459177,0.0,0.021285064689459177,0.06385519406837753,0.04257012937891835,0.021285064689459177,0.06385519406837753,0.0,0.2582877816939733,0.2947258598273838
0,0.03963196945585538,0.01981598472792769,0.05944795418378306,0.01981598472792769,0.03963196945585538,0.0,0.0,0.01981598472792769,0.03963196945585538,0.03963196945585538,0.0,0.03963196945585538,0.01981598472792769,0.0,0.05944795418378306,0.0,0.3449458852820996,0.25873442015934667
0,0.0,0.022350809631348167,0.08940323852539267,0.0,0.022350809631348167,0.0,0.0,0.0,0.022350809631348167,0.0,0.022350809631348167,0.11175404815674084,0.0670524288940445,0.0,0.044701619262696335,0.0670524288940445,0.2986317440908569,0.2320012536508315
0,0.061401150716865006,0.040934100477910004,0.020467050238955002,0.061401150716865006,0.020467050238955002,0.020467050238955002,0.0,0.040934100477910004,0.0,0.020467050238955002,0.0,0.020467050238955002,0.08186820095582001,0.0,0.040934100477910004,0.0,0.2706773566778088,0.2995145883041361
0,0.0,0.0,0.07847489214914458,0.019618723037286144,0.0,0.0,0.0,0.0,0.03923744607457229,0.0,0.05885616911185843,0.07847489214914458,0.05885616911185843,0.0,0.03923744607457229,0.03923744607457229,0.3103864055834876,0.27762041063350335
0,0.0,0.0,0.022603154908931087,0.0,0.0,0.022603154908931087,0.0,0.09041261963572435,0.0,0.045206309817862174,0.06780946472679326,0.045206309817862174,0.022603154908931087,0.06780946472679326,0.06780946472679326,0.022603154908931087,0.20436294852298098,0.32097079838946596
0,0.0,0.058238927592307664,0.09706487932051278,0.0,0.11647785518461533,0.0,0.0,0.0,0.019412975864102552,0.058238927592307664,0.038825951728205105,0.019412975864102552,0.0,0.0,0.0,0.0,0.27600832949690923,0.3163191773569371
0,0.0,0.0,0.0627903059629358,0.01569757649073395,0.01569757649073395,0.0,0.0,0.01569757649073395,0.01569757649073395,0.04709272947220185,0.01569757649073395,0.04709272947220185,0.0313951529814679,0.0,0.04709272947220185,0.0313951529814679,0.30060540685229536,0.3540479103515576
0,0.0,0.0,0.06135503875642573,0.0,0.0,0.0,0.0,0.0,0.02045167958547524,0.0,0.06135503875642573,0.12271007751285146,0.04090335917095048,0.0,0.08180671834190097,0.04090335917095048,0.29833686631065864,0.27217786239436137
0,0.0,0.0,0.07882447532701839,0.0,0.0,0.0,0.0,0.026274825109006132,0.026274825109006132,0.0,0.026274825109006132,0.07882447532701839,0.052549650218012264,0.026274825109006132,0.026274825109006132,0.07882447532701839,0.29956835897208167,0.2800344392838202
0,0.0,0.021275879226204317,0.0,0.0,0.021275879226204317,0.06382763767861295,0.021275879226204317,0.08510351690481727,0.0,0.021275879226204317,0.021275879226204317,0.04255175845240863,0.0,0.10637939613102158,0.04255175845240863,0.021275879226204317,0.24315599510525354,0.28877466191825135
0,0.02421187571212804,0.04842375142425608,0.02421187571212804,0.0,0.04842375142425608,0.02421187571212804,0.02421187571212804,0.04842375142425608,0.02421187571212804,0.0,0.02421187571212804,0.04842375142425608,0.0,0.07263562713638412,0.02421187571212804,0.04842375142425608,0.29358927167184756,0.22217321408559165
0,0.0,0.0,0.0,0.0,0.0,0.0,0.01863887571682479,0.055916627150474366,0.0,0.055916627150474366,0.055916627150474366,0.01863887571682479,0.0,0.01863887571682479,0.055916627150474366,0.09319437858412395,0.27036770299882174,0.35685478266468235
0,0.05482423225172018,0.08223634837758027,0.0,0.0,0.05482423225172018,0.0,0.0,0.08223634837758027,0.0,0.02741211612586009,0.10964846450344036,0.02741211612586009,0.0,0.02741211612586009,0.05482423225172018,0.0,0.210715499039363,0.26845429456929526
0,0.04636311042970764,0.0,0.04636311042970764,0.06954466564456145,0.0,0.0,0.0,0.02318155521485382,0.0,0.02318155521485382,0.0,0.04636311042970764,0.11590777607426908,0.0,0.02318155521485382,0.06954466564456145,0.24404207758549004,0.29232681811743344
0,0.06313447385483269,0.04208964923655513,0.021044824618277565,0.06313447385483269,0.021044824618277565,0.021044824618277565,0.0,0.021044824618277565,0.021044824618277565,0.0,0.0,0.021044824618277565,0.08417929847311026,0.0,0.04208964923655513,0.021044824618277565,0.26948049831466314,0.28857818470150803
0,0.0,0.07982376701327913,0.02660792233775971,0.02660792233775971,0.05321584467551942,0.02660792233775971,0.0,0.05321584467551942,0.05321584467551942,0.0,0.0,0.0,0.02660792233775971,0.02660792233775971,0.02660792233775971,0.02660792233775971,0.25089240615510267,0.3233808364407419
0,0.022636975025310344,0.04527395005062069,0.022636975025310344,0.0,0.04527395005062069,0.11318487512655172,0.0,0.04527395005062069,0.0,0.0,0.0,0.04527395005062069,0.022636975025310344,0.04527395005062069,0.04527395005062069,0.022636975025310344,0.21125726456292515,0.31336625990555755
0,0.03457655473030159,0.0,0.05186483209545239,0.03457655473030159,0.03457655473030159,0.017288277365150796,0.0,0.017288277365150796,0.017288277365150796,0.017288277365150796,0.03457655473030159,0.017288277365150796,0.03457655473030159,0.03457655473030159,0.0,0.017288277365150796,0.26232614595942566,0.3746200293724077
0,0.03308716263169831,0.016543581315849154,0.03308716263169831,0.03308716263169831,0.016543581315849154,0.016543581315849154,0.0,0.03308716263169831,0.04963074394754746,0.016543581315849154,0.016543581315849154,0.0,0.016543581315849154,0.016543581315849154,0.03308716263169831,0.016543581315849154,0.3617118419677463,0.2908729503994214
0,0.03938584541612916,0.0,0.03938584541612916,0.0,0.0,0.01969292270806458,0.0,0.03938584541612916,0.01969292270806458,0.01969292270806458,0.03938584541612916,0.01969292270806458,0.0,0.01969292270806458,0.03938584541612916,0.09846461354032289,0.2707490265896114,0.3353925192490971
0,0.06367961905986176,0.06367961905986176,0.02122653968662059,0.02122653968662059,0.08490615874648236,0.0,0.0,0.02122653968662059,0.0,0.02122653968662059,0.02122653968662059,0.02122653968662059,0.0,0.02122653968662059,0.02122653968662059,0.06367961905986176,0.20567145581004562,0.34857121077092207
0,0.05063115039263553,0.0,0.05063115039263553,0.0,0.0,0.0,0.01687705013087851,0.01687705013087851,0.05063115039263553,0.03375410026175702,0.06750820052351404,0.01687705013087851,0.0,0.0,0.03375410026175702,0.01687705013087851,0.33695012042640127,0.30863182682515006
0,0.018789858529291357,0.0,0.037579717058582714,0.018789858529291357,0.037579717058582714,0.09394929264645678,0.0,0.018789858529291357,0.018789858529291357,0.0,0.018789858529291357,0.037579717058582714,0.0,0.05636957558787407,0.0,0.05636957558787407,0.21280901404401514,0.3738140983115749
0,0.0,0.0,0.07874168003335819,0.03937084001667909,0.0,0.0,0.0,0.0,0.03937084001667909,0.0,0.019685420008339546,0.07874168003335819,0.07874168003335819,0.0,0.03937084001667909,0.03937084001667909,0.3250291419870713,0.2615770378377983
0,0.020370617612517284,0.020370617612517284,0.08148247045006914,0.020370617612517284,0.04074123522503457,0.0,0.0,0.04074123522503457,0.04074123522503457,0.020370617612517284,0.020370617612517284,0.020370617612517284,0.020370617612517284,0.04074123522503457,0.020370617612517284,0.020370617612517284,0.3093413209524287,0.2628757091847082
0,0.05524490249506505,0.018414967498355018,0.0,0.036829934996710036,0.036829934996710036,0.018414967498355018,0.018414967498355018,0.018414967498355018,0.018414967498355018,0.018414967498355018,0.0,0.018414967498355018,0.0,0.036829934996710036,0.036829934996710036,0.036829934996710036,0.29521567620059375,0.33648497383230597
0,0.03725506637892238,0.01862753318946119,0.01862753318946119,0.0,0.0,0.03725506637892238,0.0,0.055882599568383574,0.01862753318946119,0.01862753318946119,0.01862753318946119,0.03725506637892238,0.0,0.01862753318946119,0.055882599568383574,0.055882599568383574,0.22788141101132797,0.38094039200998703
0,0.035490456997111064,0.017745228498555532,0.017745228498555532,0.035490456997111064,0.035490456997111064,0.0,0.0,0.017745228498555532,0.017745228498555532,0.035490456997111064,0.017745228498555532,0.017745228498555532,0.017745228498555532,0.0,0.053235685495666596,0.053235685495666596,0.2574313222659657,0.36991887926436806
0,0.08438537022072612,0.02109634255518153,0.04219268511036306,0.04219268511036306,0.04219268511036306,0.0,0.0,0.02109634255518153,0.02109634255518153,0.02109634255518153,0.02109634255518153,0.02109634255518153,0.02109634255518153,0.02109634255518153,0.02109634255518153,0.02109634255518153,0.2768679647461639,0.3012051841502055
0,0.01986763966142083,0.03973527932284166,0.03973527932284166,0.0,0.01986763966142083,0.0,0.0,0.03973527932284166,0.059602918984262496,0.01986763966142083,0.059602918984262496,0.0,0.0,0.0,0.03973527932284166,0.01986763966142083,0.27903437117881574,0.3633481149156093
0,0.07133931822758494,0.07133931822758494,0.0,0.017834829556896234,0.03566965911379247,0.017834829556896234,0.017834829556896234,0.017834829556896234,0.03566965911379247,0.0,0.03566965911379247,0.0,0.017834829556896234,0.017834829556896234,0.017834829556896234,0.0,0.27832352930054677,0.34714505000463236
0,0.05208775404698566,0.017362584682328555,0.0,0.05208775404698566,0.017362584682328555,0.0,0.0,0.03472516936465711,0.03472516936465711,0.017362584682328555,0.0,0.017362584682328555,0.017362584682328555,0.017362584682328555,0.06945033872931422,0.03472516936465711,0.28128794447664457,0.3367351925121272
0,0.0,0.0,0.0,0.018658768858945775,0.018658768858945775,0.0746350754357831,0.018658768858945775,0.055976306576837324,0.0,0.018658768858945775,0.0,0.018658768858945775,0.0,0.0746350754357831,0.018658768858945775,0.0746350754357831,0.25209021021483213,0.35607564374730666
0,0.06667665168228568,0.0,0.050007488761714264,0.0,0.01666916292057142,0.0,0.0,0.01666916292057142,0.03333832584114284,0.03333832584114284,0.06667665168228568,0.01666916292057142,0.0,0.0,0.03333832584114284,0.01666916292057142,0.29754631873676446,0.3524012599312356
0,0.0,0.03839438151725557,0.019197190758627785,0.05759157227588335,0.05759157227588335,0.05759157227588335,0.0,0.0,0.019197190758627785,0.019197190758627785,0.0,0.019197190758627785,0.019197190758627785,0.019197190758627785,0.03839438151725557,0.03839438151725557,0.2566398147813299,0.3402191792874868
0,0.0,0.01652409622852027,0.03304819245704054,0.03304819245704054,0.01652409622852027,0.0,0.0,0.03304819245704054,0.049572288685560816,0.01652409622852027,0.0,0.01652409622852027,0.03304819245704054,0.01652409622852027,0.049572288685560816,0.03304819245704054,0.2972661862950283,0.35572779290604595
0,0.022085078788054963,0.044170157576109925,0.044170157576109925,0.022085078788054963,0.044170157576109925,0.0,0.0,0.08834031515221985,0.022085078788054963,0.022085078788054963,0.044170157576109925,0.0,0.044170157576109925,0.06625523636416489,0.0,0.0,0.2628182126352224,0.2733951328156232
0,0.0,0.01732309691197839,0.0,0.05196929073593516,0.01732309691197839,0.01732309691197839,0.0,0.01732309691197839,0.05196929073593516,0.0,0.01732309691197839,0.01732309691197839,0.0,0.01732309691197839,0.06929238764791355,0.08661548455989194,0.25670442179082853,0.36218744614564696
0,0.017964108480863307,0.0,0.035928216961726614,0.017964108480863307,0.017964108480863307,0.017964108480863307,0.0,0.017964108480863307,0.017964108480863307,0.017964108480863307,0.0,0.07185643392345323,0.017964108480863307,0.017964108480863307,0.07185643392345323,0.053892325442589914,0.2836958512716663,0.321093762149341
0,0.058789110463233644,0.03919274030882243,0.03919274030882243,0.03919274030882243,0.03919274030882243,0.019596370154411215,0.019596370154411215,0.0,0.03919274030882243,0.0,0.019596370154411215,0.019596370154411215,0.019596370154411215,0.019596370154411215,0.0,0.019596370154411215,0.2888862888929897,0.31918630801878584
0,0.018745149442104654,0.018745149442104654,0.0,0.03749029888420931,0.018745149442104654,0.018745149442104654,0.0,0.03749029888420931,0.018745149442104654,0.018745149442104654,0.0,0.03749029888420931,0.018745149442104654,0.018745149442104654,0.07498059776841862,0.03749029888420931,0.29783526335279886,0.32726174780510814
0,0.034270530992170145,0.017135265496085073,0.0,0.05140579648825521,0.0,0.017135265496085073,0.017135265496085073,0.017135265496085073,0.034270530992170145,0.017135265496085073,0.05140579648825521,0.017135265496085073,0.05140579648825521,0.0,0.05140579648825521,0.0,0.25188777041955734,0.37113638866657106
0,0.0,0.0,0.08285433846466894,0.020713584616167235,0.0,0.0,0.0,0.0,0.020713584616167235,0.0,0.04142716923233447,0.10356792308083618,0.08285433846466894,0.0,0.04142716923233447,0.04142716923233447,0.30052011856350297,0.26449460449698503
0,0.0,0.022065823160134272,0.044131646320268544,0.022065823160134272,0.022065823160134272,0.044131646320268544,0.0,0.044131646320268544,0.022065823160134272,0.0,0.0,0.06619746948040281,0.044131646320268544,0.044131646320268544,0.044131646320268544,0.06619746948040281,0.25684483661950364,0.25770705385754245
0,0.08101748847054692,0.016203497694109385,0.0,0.03240699538821877,0.04861049308232815,0.016203497694109385,0.0,0.016203497694109385,0.016203497694109385,0.03240699538821877,0.0,0.016203497694109385,0.0,0.016203497694109385,0.06481399077643754,0.0,0.248118747141434,0.39540430358815964
0,0.017061993912143202,0.0,0.017061993912143202,0.017061993912143202,0.0,0.0,0.017061993912143202,0.017061993912143202,0.034123987824286404,0.017061993912143202,0.0511859817364296,0.0511859817364296,0.0,0.017061993912143202,0.0511859817364296,0.06824797564857281,0.3106951220274601,0.31394101190538937
0,0.0,0.0,0.03995179400954564,0.03995179400954564,0.05992769101431846,0.01997589700477282,0.0,0.0,0.01997589700477282,0.01997589700477282,0.0,0.03995179400954564,0.0,0.03995179400954564,0.05992769101431846,0.07990358801909128,0.2885266521572313,0.2919795107425395
0,0.03493596910721285,0.017467984553606423,0.0,0.05240395366081927,0.0,0.017467984553606423,0.0,0.03493596910721285,0.03493596910721285,0.017467984553606423,0.017467984553606423,0.017467984553606423,0.05240395366081927,0.0,0.0698719382144257,0.0,0.2597242800243051,0.37344804434996015
0,0.04598590794841408,0.09197181589682817,0.0,0.0,0.04598590794841408,0.04598590794841408,0.0,0.06897886192262112,0.0,0.0,0.02299295397420704,0.02299295397420704,0.02299295397420704,0.02299295397420704,0.02299295397420704,0.06897886192262112,0.21862511270945434,0.2985228538321977
0,0.038572012267284746,0.0,0.07714402453456949,0.019286006133642373,0.05785801840092711,0.0,0.0,0.019286006133642373,0.0,0.038572012267284746,0.019286006133642373,0.05785801840092711,0.038572012267284746,0.019286006133642373,0.038572012267284746,0.0,0.3125683815826246,0.2631394834772432
0,0.022837396600432408,0.0,0.022837396600432408,0.022837396600432408,0.045674793200864816,0.022837396600432408,0.0,0.022837396600432408,0.0,0.022837396600432408,0.0,0.045674793200864816,0.0,0.022837396600432408,0.045674793200864816,0.09134958640172963,0.2440151912303862,0.3677490665622627
0,0.03206171898296941,0.016030859491484705,0.03206171898296941,0.03206171898296941,0.0,0.0,0.03206171898296941,0.016030859491484705,0.016030859491484705,0.03206171898296941,0.0,0.016030859491484705,0.06412343796593882,0.0,0.016030859491484705,0.048092578474454105,0.33203634586224107,0.31528474532509543
0,0.01851617763680426,0.01851617763680426,0.01851617763680426,0.03703235527360852,0.0,0.05554853291041278,0.01851617763680426,0.01851617763680426,0.03703235527360852,0.0,0.0,0.03703235527360852,0.03703235527360852,0.01851617763680426,0.05554853291041278,0.03703235527360852,0.30461879675721526,0.28802529523309095
0,0.01749147113345845,0.0,0.0349829422669169,0.05247441340037535,0.01749147113345845,0.0,0.0,0.01749147113345845,0.0,0.0349829422669169,0.0349829422669169,0.0349829422669169,0.0699658845338338,0.0,0.0349829422669169,0.0349829422669169,0.27561240316154395,0.3395752319023701
0,0.054637754330136346,0.0,0.054637754330136346,0.027318877165068173,0.054637754330136346,0.0,0.0,0.0,0.0,0.0,0.027318877165068173,0.054637754330136346,0.027318877165068173,0.054637754330136346,0.027318877165068173,0.054637754330136346,0.2579192983206897,0.30497866703821963
0,0.0,0.04418573699955486,0.02209286849977743,0.02209286849977743,0.02209286849977743,0.04418573699955486,0.0,0.08837147399910972,0.02209286849977743,0.02209286849977743,0.02209286849977743,0.02209286849977743,0.02209286849977743,0.06627860549933229,0.04418573699955486,0.0,0.268267324242759,0.2677824372619149
0,0.016557973305164377,0.0,0.04967391991549312,0.03311594661032875,0.016557973305164377,0.0,0.0,0.016557973305164377,0.04967391991549312,0.016557973305164377,0.03311594661032875,0.03311594661032875,0.0,0.016557973305164377,0.04967391991549312,0.016557973305164377,0.36252058059057013,0.28976198000097797
0,0.03499274192167326,0.05248911288250989,0.01749637096083663,0.01749637096083663,0.05248911288250989,0.0,0.0,0.03499274192167326,0.01749637096083663,0.01749637096083663,0.03499274192167326,0.01749637096083663,0.01749637096083663,0.01749637096083663,0.03499274192167326,0.03499274192167326,0.25532555897921355,0.3422579089215439
0,0.01806704780134198,0.0,0.01806704780134198,0.01806704780134198,0.01806704780134198,0.01806704780134198,0.0,0.01806704780134198,0.01806704780134198,0.01806704780134198,0.01806704780134198,0.05420114340402594,0.01806704780134198,0.01806704780134198,0.07226819120536793,0.07226819120536793,0.26625482815488044,0.33627012021559594
0,0.05548897963500673,0.0,0.018496326545002245,0.018496326545002245,0.018496326545002245,0.018496326545002245,0.0,0.05548897963500673,0.018496326545002245,0.018496326545002245,0.03699265309000449,0.0,0.0,0.03699265309000449,0.018496326545002245,0.07398530618000898,0.2711726357336612,0.34040450682129153
0,0.0199356636669581,0.0199356636669581,0.0199356636669581,0.05980699100087429,0.0398713273339162,0.0199356636669581,0.0,0.0199356636669581,0.0199356636669581,0.0199356636669581,0.0199356636669581,0.0199356636669581,0.0398713273339162,0.0398713273339162,0.0398713273339162,0.0199356636669581,0.26426331208388437,0.31708775090999547
0,0.0,0.017183580344251242,0.05155074103275372,0.034367160688502485,0.06873432137700497,0.0,0.0,0.017183580344251242,0.0,0.05155074103275372,0.034367160688502485,0.017183580344251242,0.034367160688502485,0.017183580344251242,0.017183580344251242,0.017183580344251242,0.2946287873921664,0.3273324450343062
0,0.07931676047062708,0.0,0.03965838023531354,0.03965838023531354,0.0594875703529703,0.0,0.0,0.0,0.0,0.03965838023531354,0.03965838023531354,0.03965838023531354,0.01982919011765677,0.0,0.03965838023531354,0.01982919011765677,0.2403883599600587,0.34319864756914903
0,0.01626355220703994,0.03252710441407988,0.06505420882815977,0.0,0.01626355220703994,0.0,0.0,0.03252710441407988,0.06505420882815977,0.0,0.048790656621119824,0.03252710441407988,0.0,0.01626355220703994,0.048790656621119824,0.01626355220703994,0.28236582533596205,0.32730892169507947
0,0.015757350237369603,0.015757350237369603,0.06302940094947841,0.0,0.0472720507121088,0.0,0.015757350237369603,0.015757350237369603,0.015757350237369603,0.0472720507121088,0.031514700474739206,0.015757350237369603,0.015757350237369603,0.015757350237369603,0.015757350237369603,0.015757350237369603,0.33779282808480493,0.3155454666930639
0,0.09116073952215589,0.03646429580886236,0.03646429580886236,0.01823214790443118,0.01823214790443118,0.0,0.01823214790443118,0.0,0.03646429580886236,0.0,0.01823214790443118,0.03646429580886236,0.01823214790443118,0.0,0.01823214790443118,0.03646429580886236,0.26656886303018523,0.3505560309767601
0,0.039599538763538576,0.0,0.05939930814530786,0.039599538763538576,0.039599538763538576,0.0,0.0,0.0,0.019799769381769288,0.0,0.039599538763538576,0.039599538763538576,0.039599538763538576,0.039599538763538576,0.0,0.039599538763538576,0.26837173475562215,0.33563287760899213
0,0.03664629256209015,0.018323146281045075,0.03664629256209015,0.03664629256209015,0.03664629256209015,0.0,0.03664629256209015,0.0,0.0,0.054969438843135224,0.018323146281045075,0.018323146281045075,0.054969438843135224,0.0,0.018323146281045075,0.018323146281045075,0.29894430462127675,0.3162696234767767
0,0.05814274494646841,0.0,0.05814274494646841,0.0,0.0,0.0,0.0,0.019380914982156133,0.03876182996431227,0.019380914982156133,0.07752365992862453,0.03876182996431227,0.0,0.0,0.03876182996431227,0.019380914982156133,0.30460930151037696,0.3271533138286563
0,0.019140899189788663,0.03828179837957733,0.05742269756936599,0.0,0.019140899189788663,0.0,0.0,0.03828179837957733,0.03828179837957733,0.019140899189788663,0.07656359675915465,0.019140899189788663,0.019140899189788663,0.019140899189788663,0.019140899189788663,0.019140899189788663,0.237526496415861,0.36051462059857703
0,0.05474849051189851,0.0,0.036498993674599,0.0182494968372995,0.0,0.0,0.0,0.0,0.036498993674599,0.0,0.05474849051189851,0.072997987349198,0.0182494968372995,0.0,0.0912474841864975,0.0,0.2627933982869185,0.35396716812979195
0,0.0,0.02065440475127107,0.02065440475127107,0.02065440475127107,0.0,0.02065440475127107,0.0,0.04130880950254214,0.02065440475127107,0.0,0.02065440475127107,0.06196321425381321,0.06196321425381321,0.02065440475127107,0.06196321425381321,0.08261761900508428,0.21919540251967243,0.326407692952364
0,0.037098212541738666,0.0,0.055647318812607996,0.0,0.037098212541738666,0.0,0.018549106270869333,0.018549106270869333,0.0,0.037098212541738666,0.018549106270869333,0.07419642508347733,0.018549106270869333,0.018549106270869333,0.055647318812607996,0.018549106270869333,0.3257515613252306,0.26616810071564406
0,0.0,0.03918601566141717,0.0,0.03918601566141717,0.019593007830708584,0.019593007830708584,0.019593007830708584,0.03918601566141717,0.019593007830708584,0.019593007830708584,0.019593007830708584,0.019593007830708584,0.03918601566141717,0.019593007830708584,0.058779023492125757,0.03918601566141717,0.2375852936740724,0.3509615418810473
0,0.032955250755506996,0.0,0.06591050151101399,0.0,0.016477625377753498,0.016477625377753498,0.0,0.016477625377753498,0.06591050151101399,0.016477625377753498,0.032955250755506996,0.016477625377753498,0.0,0.016477625377753498,0.032955250755506996,0.016477625377753498,0.32369120202903245,0.3302786650381441
0,0.09288629297661735,0.046443146488308676,0.0,0.023221573244154338,0.0,0.023221573244154338,0.023221573244154338,0.046443146488308676,0.0,0.0,0.023221573244154338,0.06966471973246302,0.06966471973246302,0.023221573244154338,0.046443146488308676,0.0,0.20925788819856736,0.30308907367419147
0,0.0,0.02040152304204712,0.02040152304204712,0.02040152304204712,0.04080304608409424,0.061204569126141355,0.02040152304204712,0.04080304608409424,0.02040152304204712,0.0,0.02040152304204712,0.02040152304204712,0.0,0.08160609216818848,0.02040152304204712,0.04080304608409424,0.2461497687886527,0.32541824732835783
0,0.0,0.02195654826681777,0.04391309653363554,0.02195654826681777,0.02195654826681777,0.04391309653363554,0.0,0.02195654826681777,0.0,0.0,0.04391309653363554,0.0658696448004533,0.0658696448004533,0.0,0.04391309653363554,0.0658696448004533,0.21064123483752029,0.32827125155930653
0,0.015382064992093498,0.0,0.030764129984186997,0.030764129984186997,0.0,0.015382064992093498,0.015382064992093498,0.015382064992093498,0.046146194976280495,0.030764129984186997,0.030764129984186997,0.015382064992093498,0.0,0.015382064992093498,0.046146194976280495,0.015382064992093498,0.3428317006853214,0.3341449344807151
0,0.0,0.0,0.0,0.052220385428804465,0.017406795142934823,0.017406795142934823,0.0,0.034813590285869646,0.017406795142934823,0.017406795142934823,0.017406795142934823,0.017406795142934823,0.034813590285869646,0.034813590285869646,0.052220385428804465,0.06962718057173929,0.24435072147409187,0.372699785381342
0,0.0,0.0366973889515486,0.0366973889515486,0.0366973889515486,0.09174347237887151,0.0,0.0,0.0,0.0,0.0366973889515486,0.0183486944757743,0.0183486944757743,0.0366973889515486,0.0183486944757743,0.0183486944757743,0.0366973889515486,0.26607638234554876,0.34860103366319095
0,0.017651552767652873,0.017651552767652873,0.07060621107061149,0.0,0.07060621107061149,0.0,0.0,0.017651552767652873,0.017651552767652873,0.035303105535305745,0.035303105535305745,0.017651552767652873,0.0,0.035303105535305745,0.017651552767652873,0.017651552767652873,0.31329773524275495,0.31601965663653475
0,0.0,0.0,0.03707842050052598,0.0,0.01853921025026299,0.0,0.0,0.03707842050052598,0.0,0.03707842050052598,0.03707842050052598,0.07415684100105197,0.01853921025026299,0.01853921025026299,0.07415684100105197,0.03707842050052598,0.25623499327579397,0.3544415914686832
0,0.07806165907495745,0.05854624430621808,0.0,0.019515414768739362,0.05854624430621808,0.0,0.0,0.039030829537478724,0.0,0.019515414768739362,0.019515414768739362,0.019515414768739362,0.0,0.019515414768739362,0.039030829537478724,0.039030829537478724,0.2538614447192487,0.33631484513722465
0,0.0,0.041735562956769764,0.020867781478384882,0.020867781478384882,0.020867781478384882,0.0,0.0,0.041735562956769764,0.041735562956769764,0.0,0.06260334443515464,0.041735562956769764,0.0,0.020867781478384882,0.08347112591353953,0.020867781478384882,0.24882727118781914,0.3338170992444833
0,0.02004980925908765,0.02004980925908765,0.0,0.0400996185181753,0.0400996185181753,0.0,0.02004980925908765,0.0,0.0,0.0,0.06014942777726294,0.0801992370363506,0.0,0.0400996185181753,0.06014942777726294,0.06014942777726294,0.25235414848662774,0.30655004781344397
0,0.039783017283010834,0.039783017283010834,0.019891508641505417,0.019891508641505417,0.059674525924516254,0.019891508641505417,0.0,0.019891508641505417,0.019891508641505417,0.019891508641505417,0.019891508641505417,0.039783017283010834,0.019891508641505417,0.019891508641505417,0.059674525924516254,0.0,0.2566466644499922,0.32563165407839406
0,0.018523811882657427,0.018523811882657427,0.037047623765314855,0.018523811882657427,0.018523811882657427,0.05557143564797228,0.0,0.018523811882657427,0.037047623765314855,0.0,0.07409524753062971,0.018523811882657427,0.0,0.018523811882657427,0.037047623765314855,0.018523811882657427,0.2735591111353969,0.3374408393287972
0,0.06305665439007796,0.021018884796692654,0.021018884796692654,0.0,0.021018884796692654,0.08407553918677062,0.021018884796692654,0.06305665439007796,0.0,0.04203776959338531,0.021018884796692654,0.021018884796692654,0.0,0.04203776959338531,0.021018884796692654,0.0,0.2722496931312647,0.2863537261381895
0,0.07191204113561363,0.0,0.035956020567806814,0.053934030851710224,0.0,0.0,0.0,0.0,0.035956020567806814,0.0,0.017978010283903407,0.053934030851710224,0.053934030851710224,0.0,0.053934030851710224,0.0,0.2662680246677711,0.35619375937025743
0,0.0,0.0,0.0,0.05755835112915751,0.0191861170430525,0.0191861170430525,0.0191861170430525,0.038372234086105,0.0191861170430525,0.0191861170430525,0.05755835112915751,0.038372234086105,0.0,0.05755835112915751,0.05755835112915751,0.0,0.29176587262740966,0.30532566946848766
0,0.0,0.0,0.0,0.07597550736780113,0.0,0.0,0.0,0.0,0.03798775368390057,0.0,0.03798775368390057,0.03798775368390057,0.03798775368390057,0.0,0.07597550736780113,0.07597550736780113,0.3010369719133729,0.3190854912476215
0,0.08426056218418125,0.01685211243683625,0.0,0.0337042248736725,0.0337042248736725,0.0,0.0,0.0337042248736725,0.01685211243683625,0.0337042248736725,0.0,0.01685211243683625,0.01685211243683625,0.01685211243683625,0.067408449747345,0.0,0.2574242671434486,0.3718292592461538
0,0.0,0.019568088536518684,0.019568088536518684,0.0,0.0,0.09784044268259343,0.03913617707303737,0.03913617707303737,0.05870426560955606,0.03913617707303737,0.05870426560955606,0.0,0.0,0.0,0.03913617707303737,0.0,0.29754342873855194,0.29152671199455554
0,0.0,0.0,0.0,0.057700399017676755,0.0,0.019233466339225586,0.0,0.03846693267845117,0.019233466339225586,0.019233466339225586,0.019233466339225586,0.019233466339225586,0.057700399017676755,0.019233466339225586,0.057700399017676755,0.09616733169612793,0.2348579566522817,0.3420057838847554
0,0.019210306304040373,0.05763091891212111,0.0,0.038420612608080745,0.038420612608080745,0.038420612608080745,0.038420612608080745,0.019210306304040373,0.05763091891212111,0.0,0.0,0.019210306304040373,0.0,0.038420612608080745,0.038420612608080745,0.019210306304040373,0.2944221861438097,0.282951075167302
0,0.07652137514520205,0.0,0.019130343786300512,0.038260687572601024,0.038260687572601024,0.0,0.0,0.038260687572601024,0.019130343786300512,0.038260687572601024,0.019130343786300512,0.019130343786300512,0.0,0.038260687572601024,0.057391031358901536,0.0,0.25226313428615416,0.3459996462015351
0,0.015660169556823183,0.031320339113646366,0.015660169556823183,0.031320339113646366,0.031320339113646366,0.0,0.0,0.031320339113646366,0.04698050867046954,0.015660169556823183,0.031320339113646366,0.0,0.015660169556823183,0.015660169556823183,0.04698050867046954,0.015660169556823183,0.2909574085635761,0.3645188611863137
0,0.05302971301154865,0.0,0.05302971301154865,0.0,0.0,0.0,0.01767657100384955,0.0353531420076991,0.0353531420076991,0.05302971301154865,0.05302971301154865,0.0,0.0,0.0,0.0353531420076991,0.0,0.33911207626235934,0.32503307466449904
0,0.020263794130945874,0.0,0.020263794130945874,0.020263794130945874,0.020263794130945874,0.020263794130945874,0.0,0.04052758826189175,0.0,0.04052758826189175,0.0,0.020263794130945874,0.020263794130945874,0.020263794130945874,0.04052758826189175,0.04052758826189175,0.29073823187561343,0.3850410620292526
0,0.12065720447324059,0.017236743496177227,0.03447348699235445,0.03447348699235445,0.03447348699235445,0.0,0.017236743496177227,0.0,0.03447348699235445,0.017236743496177227,0.0,0.017236743496177227,0.017236743496177227,0.017236743496177227,0.017236743496177227,0.0,0.30051141101084367,0.32028023207325734
0,0.021569634612063054,0.04313926922412611,0.021569634612063054,0.0,0.0,0.08627853844825221,0.0,0.06470890383618916,0.06470890383618916,0.0,0.0,0.021569634612063054,0.021569634612063054,0.021569634612063054,0.06470890383618916,0.021569634612063054,0.28547617197596004,0.2615615011707158
0,0.018737916300213035,0.018737916300213035,0.03747583260042607,0.018737916300213035,0.018737916300213035,0.0,0.0,0.018737916300213035,0.03747583260042607,0.018737916300213035,0.0,0.03747583260042607,0.018737916300213035,0.0,0.0562137489006391,0.07495166520085214,0.27666489217299306,0.3485767818227462
0,0.021457854655518176,0.0,0.06437356396655453,0.021457854655518176,0.0,0.0,0.0,0.0,0.021457854655518176,0.0,0.021457854655518176,0.10728927327759089,0.06437356396655453,0.0,0.06437356396655453,0.06437356396655453,0.29435372093246626,0.255031331301652
0,0.0,0.043014543638427195,0.043014543638427195,0.0645218154576408,0.021507271819213598,0.0,0.0,0.021507271819213598,0.043014543638427195,0.0,0.0,0.043014543638427195,0.08602908727685439,0.0,0.043014543638427195,0.0,0.321618113489195,0.26974372194574653
0,0.05805183221532899,0.0,0.05805183221532899,0.03870122147688599,0.03870122147688599,0.0,0.0,0.019350610738442995,0.019350610738442995,0.03870122147688599,0.0,0.019350610738442995,0.03870122147688599,0.019350610738442995,0.019350610738442995,0.03870122147688599,0.3083917628431712,0.2852454116495258
0,0.017699126399589708,0.035398252799179415,0.017699126399589708,0.017699126399589708,0.035398252799179415,0.035398252799179415,0.0,0.053097379198769126,0.035398252799179415,0.017699126399589708,0.035398252799179415,0.0,0.0,0.017699126399589708,0.053097379198769126,0.0,0.2615552017658123,0.36676314384280395
0,0.03661580178065629,0.018307900890328146,0.05492370267098443,0.03661580178065629,0.05492370267098443,0.0,0.0,0.0,0.018307900890328146,0.05492370267098443,0.018307900890328146,0.0,0.03661580178065629,0.0,0.018307900890328146,0.018307900890328146,0.30220234313864014,0.33163963905479693
0,0.020955524321837355,0.020955524321837355,0.04191104864367471,0.04191104864367471,0.04191104864367471,0.020955524321837355,0.0,0.020955524321837355,0.020955524321837355,0.0,0.06286657296551207,0.020955524321837355,0.04191104864367471,0.06286657296551207,0.0,0.020955524321837355,0.26809252740118517,0.29184146184023046
0,0.0,0.0,0.03739766933744445,0.0,0.0,0.018698834668722224,0.0,0.03739766933744445,0.03739766933744445,0.018698834668722224,0.11219300801233334,0.03739766933744445,0.0,0.03739766933744445,0.03739766933744445,0.018698834668722224,0.27265468742794247,0.3346697845288909
0,0.04608385424194538,0.0,0.03072256949463025,0.04608385424194538,0.04608385424194538,0.0,0.0,0.0,0.03072256949463025,0.03072256949463025,0.03072256949463025,0.015361284747315126,0.0,0.0,0.04608385424194538,0.0,0.2882955451805243,0.3891174751258581
0,0.038311239488066674,0.019155619744033337,0.038311239488066674,0.019155619744033337,0.038311239488066674,0.0,0.0,0.05746685923210001,0.0,0.038311239488066674,0.038311239488066674,0.019155619744033337,0.038311239488066674,0.038311239488066674,0.019155619744033337,0.0,0.27023680617181195,0.32749517920348786
0,0.018519353046620217,0.0,0.07407741218648087,0.018519353046620217,0.037038706093240434,0.0,0.0,0.018519353046620217,0.0,0.037038706093240434,0.018519353046620217,0.055558059139860644,0.055558059139860644,0.018519353046620217,0.037038706093240434,0.018519353046620217,0.2871650697372359,0.30540916323711925
0,0.0,0.0,0.019781206069050306,0.09890603034525153,0.0,0.0,0.0,0.0,0.03956241213810061,0.0,0.019781206069050306,0.03956241213810061,0.07912482427620122,0.0,0.059343618207150915,0.059343618207150915,0.3172236066723494,0.26737106587759407
0,0.017204529857072205,0.017204529857072205,0.03440905971414441,0.017204529857072205,0.0,0.0,0.0,0.017204529857072205,0.0516135895712166,0.0,0.017204529857072205,0.0516135895712166,0.017204529857072205,0.0,0.06881811942828882,0.06881811942828882,0.2752832090796169,0.34621713406479465
0,0.04028830186495227,0.0,0.020144150932476134,0.0,0.0,0.0,0.0,0.060432452797428406,0.0,0.020144150932476134,0.060432452797428406,0.060432452797428406,0.0,0.04028830186495227,0.060432452797428406,0.060432452797428406,0.26282336076734264,0.31414946965065865
0,0.01963226375405643,0.03926452750811286,0.07852905501622572,0.0,0.01963226375405643,0.0,0.0,0.03926452750811286,0.058896791262169276,0.0,0.058896791262169276,0.01963226375405643,0.01963226375405643,0.01963226375405643,0.01963226375405643,0.0,0.26260547512704513,0.34474924979182636
0,0.06637274204379873,0.016593185510949682,0.11615229857664776,0.0,0.016593185510949682,0.0,0.0,0.0,0.11615229857664776,0.0,0.016593185510949682,0.0,0.0,0.0,0.016593185510949682,0.0,0.41255247093294983,0.22239744782615709
0,0.0,0.017942347457756254,0.017942347457756254,0.0,0.017942347457756254,0.0,0.03588469491551251,0.03588469491551251,0.03588469491551251,0.05382704237326877,0.017942347457756254,0.05382704237326877,0.0,0.0,0.08971173728878128,0.0,0.36677052778955377,0.2564401755975649
0,0.050395621750893314,0.016798540583631106,0.03359708116726221,0.050395621750893314,0.016798540583631106,0.0,0.0,0.016798540583631106,0.050395621750893314,0.016798540583631106,0.0,0.0,0.03359708116726221,0.0,0.03359708116726221,0.03359708116726221,0.2888960640809821,0.35833458366276477
0,0.034723320270299354,0.017361660135149677,0.017361660135149677,0.034723320270299354,0.034723320270299354,0.017361660135149677,0.017361660135149677,0.0,0.017361660135149677,0.017361660135149677,0.017361660135149677,0.017361660135149677,0.034723320270299354,0.017361660135149677,0.017361660135149677,0.05208498040544904,0.26666887320059157,0.36873626396126535
0,0.03606940312861179,0.03606940312861179,0.018034701564305894,0.018034701564305894,0.0,0.054104104692917675,0.018034701564305894,0.018034701564305894,0.03606940312861179,0.0,0.0,0.03606940312861179,0.03606940312861179,0.0,0.054104104692917675,0.03606940312861179,0.3059667010677244,0.297269864517546
0,0.0,0.01914222701965458,0.03828445403930916,0.0,0.0,0.07656890807861833,0.01914222701965458,0.057426681058963744,0.03828445403930916,0.03828445403930916,0.0,0.01914222701965458,0.01914222701965458,0.01914222701965458,0.057426681058963744,0.0,0.34864179572441484,0.24937143686283902
0,0.0,0.0,0.01750624996501889,0.03501249993003778,0.0,0.0,0.0,0.052518749895056664,0.01750624996501889,0.01750624996501889,0.01750624996501889,0.03501249993003778,0.052518749895056664,0.03501249993003778,0.052518749895056664,0.052518749895056664,0.25560061541637014,0.35926188535321424
0,0.03848469419191146,0.0,0.05772704128786718,0.0,0.0,0.01924234709595573,0.0,0.03848469419191146,0.01924234709595573,0.01924234709595573,0.03848469419191146,0.03848469419191146,0.01924234709595573,0.01924234709595573,0.01924234709595573,0.07696938838382292,0.27586482169345805,0.32004588929147165
0,0.041185171984553834,0.0,0.020592585992276917,0.06177775797683075,0.020592585992276917,0.020592585992276917,0.0,0.020592585992276917,0.020592585992276917,0.0,0.0,0.020592585992276917,0.041185171984553834,0.041185171984553834,0.020592585992276917,0.06177775797683075,0.29058612554856067,0.3181547405981777
0,0.0,0.0,0.03966978656169517,0.019834893280847584,0.019834893280847584,0.0,0.0,0.0,0.0,0.0,0.059504679842542756,0.07933957312339034,0.03966978656169517,0.019834893280847584,0.059504679842542756,0.07933957312339034,0.23989367197739786,0.34357356912480286
0,0.05488805859486744,0.0,0.03659203906324496,0.07318407812648992,0.03659203906324496,0.01829601953162248,0.0,0.0,0.03659203906324496,0.0,0.01829601953162248,0.01829601953162248,0.01829601953162248,0.03659203906324496,0.01829601953162248,0.01829601953162248,0.26794513518095925,0.3478384546549686
0,0.0,0.04051773718926853,0.04051773718926853,0.0,0.020258868594634265,0.020258868594634265,0.0,0.020258868594634265,0.0607766057839028,0.0,0.08103547437853706,0.04051773718926853,0.0,0.0,0.08103547437853706,0.020258868594634265,0.2833276136354402,0.2912361458772401
0,0.021565828992711998,0.043131657985423996,0.043131657985423996,0.021565828992711998,0.06469748697813599,0.021565828992711998,0.021565828992711998,0.021565828992711998,0.0,0.021565828992711998,0.021565828992711998,0.043131657985423996,0.043131657985423996,0.043131657985423996,0.021565828992711998,0.0,0.23670064060803372,0.3104169505450144
0,0.0,0.04183298879472577,0.06274948319208865,0.020916494397362886,0.0,0.020916494397362886,0.06274948319208865,0.0,0.020916494397362886,0.020916494397362886,0.0,0.06274948319208865,0.10458247198681442,0.0,0.0,0.0,0.33574916887450645,0.24592094317823587
0,0.03938671130732756,0.0,0.07877342261465511,0.0,0.0,0.0,0.0,0.0,0.05908006696099134,0.0,0.05908006696099134,0.05908006696099134,0.01969335565366378,0.0,0.03938671130732756,0.0,0.34400114995518033,0.30151844827887153
0,0.03962212015106295,0.03962212015106295,0.019811060075531475,0.019811060075531475,0.03962212015106295,0.019811060075531475,0.019811060075531475,0.019811060075531475,0.019811060075531475,0.0,0.019811060075531475,0.059433180226594426,0.0,0.03962212015106295,0.03962212015106295,0.019811060075531475,0.2832959163645418,0.30067182204929727
0,0.023685687296275588,0.07105706188882677,0.0,0.0,0.023685687296275588,0.07105706188882677,0.0,0.047371374592551176,0.023685687296275588,0.0,0.023685687296275588,0.047371374592551176,0.023685687296275588,0.023685687296275588,0.07105706188882677,0.047371374592551176,0.22320291788833588,0.27939764888987684
0,0.020214571914507345,0.020214571914507345,0.04042914382901469,0.0,0.04042914382901469,0.020214571914507345,0.020214571914507345,0.020214571914507345,0.0,0.04042914382901469,0.020214571914507345,0.04042914382901469,0.020214571914507345,0.04042914382901469,0.020214571914507345,0.04042914382901469,0.2984859062904982,0.2972226554193551
0,0.0601808673281255,0.020060289109375167,0.040120578218750334,0.040120578218750334,0.0601808673281255,0.0,0.0,0.0,0.020060289109375167,0.020060289109375167,0.0,0.040120578218750334,0.020060289109375167,0.040120578218750334,0.040120578218750334,0.020060289109375167,0.2805291420155264,0.2982047866875952
0,0.0,0.03891078435563295,0.019455392177816475,0.019455392177816475,0.019455392177816475,0.0,0.0,0.0778215687112659,0.0,0.03891078435563295,0.058366176533449415,0.019455392177816475,0.03891078435563295,0.019455392177816475,0.03891078435563295,0.0,0.28755162717504795,0.32334052926862256
0,0.10932084136171126,0.0,0.0,0.06559250481702676,0.0,0.08745667308936901,0.0,0.043728336544684505,0.0,0.021864168272342253,0.0,0.0,0.06559250481702676,0.021864168272342253,0.021864168272342253,0.021864168272342253,0.18916977544227465,0.351682690838538
0,0.0,0.04050288985531971,0.020251444927659856,0.020251444927659856,0.04050288985531971,0.04050288985531971,0.020251444927659856,0.020251444927659856,0.020251444927659856,0.020251444927659856,0.020251444927659856,0.020251444927659856,0.020251444927659856,0.020251444927659856,0.020251444927659856,0.060754334782979556,0.27391595438986355,0.3210551470569394
0,0.019481009984673704,0.0,0.0,0.05844302995402112,0.0,0.019481009984673704,0.019481009984673704,0.019481009984673704,0.019481009984673704,0.019481009984673704,0.0,0.03896201996934741,0.03896201996934741,0.019481009984673704,0.05844302995402112,0.07792403993869482,0.32062483220626714,0.2702739581155849
0,0.035047091961745824,0.035047091961745824,0.035047091961745824,0.017523545980872912,0.0,0.0,0.017523545980872912,0.017523545980872912,0.07009418392349165,0.0,0.07009418392349165,0.017523545980872912,0.017523545980872912,0.0,0.035047091961745824,0.0,0.3163660368860071,0.3156394975156616
0,0.0,0.02406393196238188,0.04812786392476376,0.04812786392476376,0.04812786392476376,0.02406393196238188,0.0,0.02406393196238188,0.0,0.0,0.02406393196238188,0.04812786392476376,0.07219179588714564,0.04812786392476376,0.02406393196238188,0.07219179588714564,0.23588638585234248,0.2587710429376381
0,0.0189117483348755,0.0189117483348755,0.0189117483348755,0.037823496669751,0.0,0.0567352450046265,0.037823496669751,0.0189117483348755,0.037823496669751,0.0,0.0,0.037823496669751,0.0189117483348755,0.037823496669751,0.037823496669751,0.0189117483348755,0.3383739919878913,0.2644792929797232
0,0.01968492119569193,0.01968492119569193,0.01968492119569193,0.0,0.03936984239138386,0.07873968478276772,0.0,0.03936984239138386,0.0,0.01968492119569193,0.01968492119569193,0.01968492119569193,0.0,0.03936984239138386,0.03936984239138386,0.05905476358707578,0.24858741382591937,0.3380292410645503
0,0.023788906604137114,0.04757781320827423,0.023788906604137114,0.04757781320827423,0.07136671981241134,0.023788906604137114,0.023788906604137114,0.023788906604137114,0.0,0.0,0.04757781320827423,0.04757781320827423,0.023788906604137114,0.07136671981241134,0.0,0.023788906604137114,0.23719310588880196,0.2632398554243185
0,0.019351851626201195,0.019351851626201195,0.019351851626201195,0.0,0.03870370325240239,0.07740740650480478,0.0,0.03870370325240239,0.0,0.019351851626201195,0.019351851626201195,0.019351851626201195,0.019351851626201195,0.03870370325240239,0.019351851626201195,0.05805555487860359,0.2513121888966785,0.34229892695309627
0,0.017512036503598036,0.05253610951079411,0.017512036503598036,0.0,0.017512036503598036,0.07004814601439215,0.05253610951079411,0.017512036503598036,0.03502407300719607,0.017512036503598036,0.0,0.017512036503598036,0.017512036503598036,0.0,0.017512036503598036,0.017512036503598036,0.3367374519759442,0.29550978144849704
0,0.0,0.0,0.018172517326373764,0.018172517326373764,0.05451755197912129,0.018172517326373764,0.018172517326373764,0.018172517326373764,0.0,0.05451755197912129,0.018172517326373764,0.03634503465274753,0.0,0.03634503465274753,0.05451755197912129,0.018172517326373764,0.2609411975254668,0.37560845594705794
0,0.0373832671817534,0.0373832671817534,0.0186916335908767,0.0186916335908767,0.0,0.0560749007726301,0.0373832671817534,0.0186916335908767,0.0373832671817534,0.0,0.0,0.0373832671817534,0.0186916335908767,0.0186916335908767,0.0373832671817534,0.0186916335908767,0.3409110397870385,0.2665646548045508
0,0.0,0.042711791464142626,0.0,0.0,0.042711791464142626,0.06406768719621393,0.021355895732071313,0.042711791464142626,0.021355895732071313,0.021355895732071313,0.021355895732071313,0.021355895732071313,0.0,0.042711791464142626,0.021355895732071313,0.06406768719621393,0.26137313229554715,0.31150895306302645
0,0.0,0.0,0.0,0.0,0.0,0.0,0.07499857666543369,0.018749644166358423,0.018749644166358423,0.037499288332716846,0.018749644166358423,0.05624893249907527,0.0,0.05624893249907527,0.037499288332716846,0.07499857666543369,0.38156031884135205,0.2246971536651211
