494	0
494	1
494	2
494	3
494	4
494	5
494	6
494	7
565	8
566	8
216	9
563	11
201	12
652	12
653	12
201	13
652	13
653	13
365	13
231	13
563	14
425	15
381	15
425	16
402	18
769	20
514	20
515	20
769	21
514	21
515	21
735	22
527	23
409	24
410	24
283	32
581	35
583	35
584	35
585	35
586	35
587	35
697	39
604	40
147	41
615	42
690	43
528	47
333	49
334	49
229	49
230	49
557	50
283	51
654	54
733	54
682	54
683	54
684	54
215	54
632	54
458	54
654	55
35	55
36	55
682	55
683	55
684	55
197	55
198	55
199	55
632	55
458	55
236	56
32	56
164	56
673	56
674	56
201	57
652	57
653	57
410	58
410	60
286	65
419	65
698	66
699	66
75	70
75	71
236	77
733	77
295	77
682	77
683	77
684	77
215	77
673	77
674	77
458	77
173	79
120	80
121	80
122	80
696	80
690	90
61	90
565	92
566	92
616	92
253	92
254	92
238	93
239	93
240	93
504	94
238	94
239	94
240	94
201	95
231	95
201	96
107	98
108	98
109	98
110	98
111	98
112	98
113	98
726	98
690	99
61	99
255	101
510	101
769	103
631	106
723	109
715	110
716	110
224	111
644	115
259	116
260	116
594	116
221	120
223	120
221	121
223	121
576	122
286	122
89	125
92	126
93	126
98	126
99	126
127	126
128	126
129	126
130	126
92	127
89	127
93	127
98	127
99	127
201	133
556	135
24	136
460	136
460	138
24	139
271	139
460	139
690	142
374	142
565	144
566	144
567	144
623	151
571	151
572	151
376	151
377	151
228	151
765	151
8	151
185	151
186	151
687	153
662	153
664	153
665	153
666	153
623	154
571	154
572	154
376	154
377	154
765	154
690	154
286	155
54	155
477	156
397	163
398	163
746	165
687	168
377	168
378	168
92	173
94	173
95	173
97	173
98	173
679	173
680	173
418	173
565	180
566	180
567	180
568	180
722	180
466	180
722	181
466	181
563	183
343	185
542	185
543	185
545	185
546	185
547	185
542	189
543	189
545	189
546	189
547	189
343	191
542	191
543	191
545	191
546	191
547	191
506	194
283	195
124	198
542	200
543	200
545	200
546	200
547	200
499	201
35	201
36	201
32	201
682	201
683	201
684	201
197	201
198	201
199	201
215	201
727	201
673	201
674	201
89	201
632	201
458	201
286	206
687	206
419	206
207	207
550	207
446	207
447	207
448	207
449	207
450	207
362	208
769	208
767	208
514	208
515	208
552	210
749	210
494	211
494	216
384	220
413	220
414	220
194	221
312	223
315	223
717	226
169	226
455	226
433	226
434	226
435	226
46	231
690	231
217	233
299	234
219	235
197	235
198	235
199	235
164	235
215	235
632	235
769	238
172	239
201	241
420	241
652	241
653	241
201	243
201	244
282	245
383	247
175	247
576	248
188	250
189	250
249	250
250	250
251	250
252	250
388	250
617	256
615	256
216	257
193	257
576	260
255	262
510	262
767	264
470	264
576	264
43	268
43	269
201	270
494	272
419	272
216	273
733	273
216	274
733	274
37	0
171	0
172	0
174	0
176	0
180	0
192	0
195	0
231	0
234	0
240	0
273	0
294	0
310	0
348	0
405	0
455	0
486	0
561	0
563	0
619	0
751	0
765	0
37	1
171	1
172	1
174	1
176	1
180	1
192	1
195	1
231	1
234	1
240	1
273	1
294	1
310	1
348	1
405	1
455	1
486	1
561	1
563	1
619	1
751	1
765	1
37	2
171	2
172	2
174	2
176	2
180	2
192	2
195	2
231	2
234	2
240	2
273	2
294	2
310	2
348	2
405	2
455	2
486	2
561	2
563	2
619	2
751	2
765	2
37	3
171	3
172	3
174	3
176	3
180	3
192	3
195	3
231	3
234	3
240	3
273	3
294	3
310	3
348	3
405	3
455	3
486	3
561	3
563	3
619	3
751	3
765	3
37	4
171	4
172	4
174	4
176	4
180	4
192	4
195	4
231	4
234	4
240	4
273	4
294	4
310	4
348	4
405	4
455	4
486	4
561	4
563	4
619	4
751	4
765	4
37	5
171	5
172	5
174	5
176	5
180	5
192	5
195	5
231	5
234	5
240	5
273	5
294	5
310	5
348	5
405	5
455	5
486	5
561	5
563	5
619	5
751	5
765	5
37	6
171	6
172	6
174	6
176	6
180	6
192	6
195	6
231	6
234	6
240	6
273	6
294	6
310	6
348	6
405	6
455	6
486	6
561	6
563	6
619	6
751	6
765	6
37	7
171	7
172	7
174	7
176	7
180	7
192	7
195	7
231	7
234	7
240	7
273	7
294	7
310	7
348	7
405	7
455	7
486	7
561	7
563	7
619	7
751	7
765	7
19	8
47	8
151	8
253	8
575	8
598	8
615	8
648	8
711	8
726	8
752	8
47	10
84	10
285	10
394	10
426	10
500	10
529	10
531	10
559	10
563	10
635	10
646	10
24	11
54	11
71	11
81	11
96	11
120	11
131	11
138	11
174	11
213	11
231	11
237	11
262	11
269	11
295	11
316	11
320	11
369	11
404	11
445	11
471	11
473	11
478	11
483	11
486	11
536	11
538	11
575	11
590	11
599	11
604	11
635	11
681	11
701	11
25	12
58	12
65	12
72	12
80	12
96	12
136	12
142	12
147	12
174	12
181	12
231	12
246	12
257	12
265	12
290	12
320	12
327	12
330	12
343	12
353	12
362	12
365	12
395	12
412	12
420	12
471	12
474	12
503	12
540	12
568	12
596	12
604	12
605	12
614	12
635	12
681	12
23	13
25	13
58	13
65	13
72	13
80	13
96	13
136	13
142	13
147	13
151	13
174	13
181	13
246	13
257	13
265	13
290	13
320	13
327	13
330	13
343	13
353	13
362	13
372	13
395	13
412	13
420	13
471	13
474	13
503	13
540	13
596	13
604	13
605	13
614	13
635	13
681	13
24	14
54	14
71	14
81	14
96	14
120	14
131	14
138	14
174	14
213	14
231	14
237	14
262	14
269	14
295	14
316	14
320	14
369	14
404	14
445	14
471	14
473	14
478	14
483	14
486	14
536	14
538	14
575	14
590	14
599	14
604	14
635	14
681	14
701	14
39	15
172	15
225	15
271	15
320	15
405	15
443	15
538	15
655	15
720	15
39	16
172	16
225	16
271	16
320	16
381	16
405	16
443	16
538	16
655	16
720	16
30	17
105	17
116	17
176	17
184	17
231	17
278	17
307	17
309	17
405	17
436	17
437	17
538	17
32	18
119	18
210	18
231	18
232	18
240	18
287	18
335	18
369	18
418	18
436	18
437	18
512	18
524	18
568	18
663	18
704	18
760	18
22	19
67	19
83	19
86	19
168	19
334	19
344	19
369	19
390	19
403	19
405	19
423	19
477	19
730	19
756	19
29	20
54	20
123	20
148	20
168	20
308	20
319	20
362	20
481	20
484	20
656	20
689	20
767	20
29	21
123	21
148	21
168	21
308	21
319	21
362	21
481	21
484	21
656	21
689	21
767	21
24	22
192	22
203	22
219	22
310	22
555	22
568	22
686	22
718	22
751	22
763	22
90	23
158	23
231	23
300	23
320	23
369	23
399	23
525	23
538	23
572	23
582	23
598	23
624	23
632	23
658	23
663	23
730	23
738	23
180	24
215	24
231	24
317	24
530	24
604	24
654	24
681	24
690	24
764	24
27	25
64	25
80	25
83	25
86	25
102	25
149	25
172	25
211	25
213	25
286	25
297	25
317	25
389	25
453	25
486	25
489	25
538	25
612	25
14	26
19	26
23	26
25	26
96	26
135	26
170	26
231	26
240	26
288	26
295	26
367	26
387	26
420	26
522	26
597	26
635	26
652	26
14	27
19	27
25	27
96	27
135	27
170	27
231	27
240	27
288	27
295	27
367	27
387	27
420	27
522	27
539	27
597	27
635	27
652	27
80	28
135	28
231	28
457	28
473	28
486	28
495	28
519	28
533	28
629	28
310	29
345	29
403	29
555	29
575	29
576	29
667	29
310	30
345	30
403	30
555	30
575	30
576	30
667	30
47	31
80	31
84	31
154	31
203	31
215	31
235	31
285	31
454	31
602	31
690	31
723	31
728	31
70	32
194	32
215	32
218	32
231	32
257	32
261	32
290	32
320	32
491	32
508	32
757	32
28	33
70	33
194	33
215	33
218	33
231	33
257	33
261	33
290	33
320	33
491	33
508	33
757	33
17	34
70	34
78	34
231	34
247	34
257	34
321	34
323	34
324	34
336	34
341	34
348	34
382	34
553	34
631	34
658	34
660	34
47	35
80	35
191	35
320	35
728	35
10	36
67	36
70	36
96	36
106	36
147	36
232	36
281	36
286	36
339	36
457	36
470	36
495	36
521	36
524	36
538	36
641	36
651	36
658	36
701	36
714	36
719	36
731	36
756	36
763	36
117	37
152	37
231	37
322	37
447	37
529	37
644	37
734	37
757	37
763	37
96	38
171	38
202	38
219	38
383	38
400	38
447	38
454	38
486	38
501	38
573	38
604	38
21	39
41	39
85	39
120	39
156	39
203	39
213	39
340	39
369	39
466	39
537	39
549	39
611	39
613	39
621	39
695	39
2	40
80	40
140	40
152	40
160	40
202	40
360	40
430	40
453	40
459	40
474	40
487	40
568	40
606	40
4	41
80	41
89	41
145	41
195	41
231	41
394	41
447	41
455	41
481	41
518	41
519	41
538	41
575	41
642	41
731	41
740	41
63	42
83	42
173	42
222	42
288	42
332	42
361	42
394	42
457	42
471	42
484	42
498	42
561	42
627	42
645	42
734	42
176	43
231	43
235	43
273	43
336	43
345	43
349	43
457	43
462	43
466	43
668	43
54	44
57	44
58	44
257	44
459	44
481	44
54	45
57	45
58	45
257	45
459	45
481	45
96	46
231	46
240	46
253	46
261	46
270	46
296	46
306	46
387	46
447	46
477	46
522	46
540	46
541	46
553	46
555	46
570	46
592	46
607	46
634	46
674	46
681	46
96	47
231	47
240	47
253	47
261	47
270	47
296	47
306	47
387	47
447	47
477	47
522	47
540	47
541	47
553	47
555	47
570	47
592	47
607	47
634	47
674	47
681	47
40	48
56	48
74	48
167	48
213	48
285	48
286	48
362	48
368	48
429	48
495	48
572	48
602	48
639	48
644	48
674	48
695	48
718	48
731	48
766	48
20	49
142	49
173	49
231	49
234	49
307	49
320	49
354	49
455	49
516	49
522	49
538	49
598	49
600	49
605	49
655	49
667	49
726	49
96	50
231	50
240	50
253	50
261	50
270	50
296	50
306	50
387	50
447	50
477	50
522	50
540	50
541	50
553	50
555	50
570	50
592	50
607	50
634	50
674	50
681	50
1	51
13	51
14	51
26	51
28	51
80	51
173	51
231	51
286	51
288	51
320	51
342	51
457	51
495	51
100	52
263	52
290	52
295	52
345	52
369	52
462	52
631	52
721	52
763	52
74	53
80	53
120	53
124	53
219	53
235	53
272	53
288	53
320	53
328	53
338	53
422	53
424	53
428	53
486	53
525	53
552	53
604	53
614	53
625	53
644	53
24	54
32	54
58	54
74	54
87	54
89	54
103	54
106	54
120	54
138	54
155	54
157	54
165	54
171	54
219	54
231	54
232	54
236	54
243	54
244	54
253	54
257	54
262	54
266	54
278	54
279	54
295	54
320	54
329	54
337	54
391	54
415	54
445	54
467	54
471	54
473	54
475	54
478	54
494	54
495	54
499	54
505	54
512	54
536	54
538	54
544	54
553	54
560	54
563	54
575	54
590	54
592	54
599	54
602	54
625	54
629	54
631	54
635	54
641	54
674	54
681	54
692	54
693	54
701	54
704	54
708	54
713	54
720	54
727	54
730	54
731	54
732	54
743	54
24	55
32	55
58	55
74	55
87	55
89	55
103	55
106	55
120	55
138	55
155	55
157	55
165	55
171	55
215	55
219	55
231	55
232	55
236	55
243	55
244	55
253	55
257	55
262	55
266	55
278	55
279	55
295	55
320	55
329	55
337	55
391	55
415	55
445	55
467	55
471	55
473	55
475	55
478	55
494	55
495	55
499	55
505	55
512	55
536	55
538	55
544	55
553	55
560	55
563	55
575	55
590	55
592	55
599	55
602	55
625	55
629	55
631	55
635	55
641	55
674	55
681	55
692	55
693	55
701	55
704	55
708	55
713	55
720	55
727	55
730	55
731	55
732	55
743	55
24	56
58	56
74	56
87	56
89	56
103	56
106	56
120	56
138	56
155	56
157	56
165	56
171	56
215	56
219	56
231	56
232	56
243	56
244	56
253	56
257	56
262	56
266	56
278	56
279	56
295	56
320	56
329	56
337	56
391	56
415	56
445	56
458	56
467	56
471	56
473	56
475	56
478	56
494	56
495	56
499	56
505	56
512	56
536	56
538	56
544	56
553	56
560	56
563	56
575	56
590	56
592	56
599	56
602	56
625	56
629	56
631	56
632	56
635	56
641	56
654	56
681	56
692	56
693	56
701	56
704	56
708	56
713	56
720	56
727	56
730	56
731	56
732	56
743	56
25	57
58	57
65	57
72	57
80	57
96	57
136	57
142	57
147	57
174	57
181	57
231	57
246	57
257	57
265	57
290	57
320	57
327	57
330	57
343	57
353	57
362	57
365	57
395	57
412	57
420	57
471	57
474	57
503	57
540	57
568	57
596	57
604	57
605	57
614	57
635	57
681	57
0	58
40	58
54	58
143	58
147	58
231	58
290	58
308	58
320	58
363	58
400	58
404	58
405	58
409	58
615	58
635	58
641	58
726	58
740	58
747	58
763	58
0	59
40	59
54	59
143	59
147	59
231	59
290	59
308	59
320	59
363	59
400	59
404	59
405	59
409	59
615	59
635	59
641	59
726	59
740	59
747	59
763	59
0	60
40	60
54	60
143	60
147	60
231	60
290	60
308	60
320	60
363	60
400	60
404	60
405	60
409	60
615	60
635	60
641	60
726	60
740	60
747	60
763	60
0	61
40	61
54	61
143	61
147	61
231	61
290	61
308	61
320	61
363	61
400	61
404	61
405	61
409	61
615	61
635	61
641	61
726	61
740	61
747	61
763	61
14	62
154	62
257	62
302	62
307	62
326	62
380	62
432	62
456	62
544	62
654	62
151	63
152	63
231	63
235	63
245	63
286	63
317	63
458	63
514	63
744	63
745	63
28	64
38	64
458	64
5	65
6	65
7	65
16	65
194	65
281	65
292	65
394	65
427	65
453	65
474	65
475	65
485	65
572	65
595	65
635	65
668	65
687	65
712	65
730	65
22	66
56	66
74	66
80	66
147	66
320	66
355	66
385	66
411	66
473	66
486	66
501	66
538	66
604	66
614	66
644	66
100	67
231	67
47	68
86	68
96	68
202	68
310	68
312	68
471	68
538	68
572	68
607	68
637	68
677	68
690	68
721	68
726	68
734	68
763	68
47	69
86	69
96	69
202	69
310	69
312	69
471	69
538	69
572	69
607	69
637	69
677	69
690	69
721	69
726	69
734	69
763	69
418	70
460	70
468	70
471	70
716	70
418	71
460	71
468	71
471	71
604	71
716	71
758	71
151	72
231	72
478	72
521	73
763	73
17	74
54	74
172	74
266	74
340	74
369	74
401	74
438	74
482	74
491	74
514	74
572	74
579	74
588	74
705	74
706	74
720	74
17	75
54	75
172	75
266	75
340	75
369	75
401	75
438	75
482	75
491	75
514	75
572	75
579	75
588	75
705	75
706	75
720	75
80	76
123	76
211	76
231	76
328	76
337	76
369	76
394	76
457	76
471	76
668	76
713	76
731	76
740	76
24	77
32	77
58	77
74	77
87	77
89	77
103	77
106	77
120	77
138	77
155	77
157	77
165	77
171	77
219	77
231	77
232	77
243	77
244	77
253	77
257	77
262	77
266	77
278	77
279	77
320	77
329	77
337	77
391	77
415	77
445	77
467	77
471	77
473	77
475	77
478	77
494	77
495	77
499	77
505	77
512	77
536	77
538	77
544	77
553	77
560	77
563	77
575	77
590	77
592	77
599	77
602	77
625	77
629	77
631	77
632	77
635	77
641	77
654	77
681	77
692	77
693	77
701	77
704	77
708	77
713	77
720	77
727	77
730	77
731	77
732	77
743	77
56	78
96	78
173	78
231	78
241	78
294	78
331	78
345	78
471	78
474	78
681	78
56	79
96	79
231	79
241	79
294	79
331	79
345	79
471	79
474	79
681	79
34	80
80	80
232	80
258	80
289	80
321	80
369	80
447	80
538	80
641	80
644	80
104	81
144	81
147	81
156	81
169	81
183	81
213	81
284	81
308	81
426	81
475	81
477	81
486	81
538	81
622	81
633	81
641	81
730	81
747	81
749	81
763	81
104	82
144	82
147	82
156	82
169	82
183	82
213	82
284	82
308	82
426	82
475	82
477	82
486	82
538	82
622	82
633	82
641	82
730	82
747	82
749	82
763	82
13	83
19	83
23	83
50	83
53	83
74	83
96	83
141	83
142	83
202	83
231	83
241	83
264	83
404	83
431	83
539	83
597	83
720	83
730	83
731	83
757	83
763	83
13	84
19	84
23	84
50	84
53	84
74	84
135	84
141	84
142	84
202	84
231	84
241	84
264	84
404	84
431	84
539	84
597	84
720	84
730	84
731	84
757	84
21	85
41	85
85	85
120	85
156	85
203	85
213	85
340	85
342	85
369	85
466	85
537	85
549	85
611	85
613	85
621	85
695	85
80	86
153	86
202	86
225	86
231	86
257	86
278	86
407	86
538	86
555	86
564	86
568	86
588	86
610	86
635	86
668	86
80	87
153	87
202	87
225	87
231	87
235	87
257	87
278	87
294	87
407	87
486	87
531	87
538	87
555	87
564	87
568	87
588	87
610	87
635	87
668	87
19	88
68	88
86	88
106	88
299	88
466	88
475	88
481	88
485	88
493	88
568	88
736	88
747	88
763	88
24	89
77	89
83	89
208	89
219	89
286	89
288	89
303	89
320	89
345	89
412	89
441	89
453	89
496	89
507	89
558	89
561	89
568	89
591	89
593	89
635	89
691	89
726	89
748	89
753	89
25	90
51	90
231	90
257	90
284	90
345	90
447	90
497	90
538	90
544	90
555	90
702	90
712	90
731	90
294	91
308	91
320	91
371	91
381	91
421	91
427	91
460	91
497	91
519	91
688	91
731	91
764	91
19	92
47	92
151	92
231	92
360	92
575	92
598	92
615	92
618	92
648	92
711	92
726	92
752	92
404	93
504	93
607	93
404	94
607	94
23	95
25	95
58	95
65	95
72	95
80	95
96	95
136	95
142	95
147	95
151	95
174	95
181	95
246	95
257	95
265	95
290	95
320	95
327	95
330	95
343	95
353	95
362	95
365	95
372	95
395	95
412	95
420	95
471	95
474	95
503	95
540	95
568	95
596	95
604	95
605	95
614	95
635	95
652	95
681	95
23	96
25	96
58	96
65	96
72	96
80	96
96	96
136	96
142	96
147	96
174	96
181	96
231	96
246	96
257	96
265	96
290	96
320	96
327	96
330	96
343	96
353	96
362	96
365	96
395	96
412	96
420	96
471	96
474	96
503	96
540	96
568	96
596	96
604	96
605	96
614	96
635	96
652	96
681	96
48	97
310	97
359	97
370	97
457	97
532	97
744	97
91	98
25	99
51	99
231	99
257	99
284	99
345	99
447	99
538	99
544	99
555	99
702	99
712	99
731	99
80	100
135	100
231	100
457	100
473	100
486	100
495	100
519	100
533	100
629	100
10	101
19	101
41	101
49	101
58	101
60	101
82	101
89	101
123	101
134	101
137	101
215	101
228	101
240	101
253	101
257	101
341	101
344	101
393	101
403	101
451	101
477	101
495	101
544	101
553	101
555	101
575	101
576	101
588	101
592	101
628	101
648	101
693	101
704	101
729	101
754	101
521	102
763	102
50	103
91	103
152	103
286	103
370	103
401	103
404	103
471	103
518	103
555	103
568	103
688	103
96	104
266	104
343	104
486	104
626	104
690	104
80	105
126	105
145	105
153	105
166	105
231	105
294	105
394	105
421	105
485	105
511	105
731	105
11	106
22	106
155	106
173	106
178	106
202	106
220	106
242	106
294	106
345	106
548	106
693	106
706	106
55	107
231	107
575	107
19	108
22	108
80	108
125	108
205	108
305	108
310	108
373	108
391	108
403	108
495	108
551	108
568	108
575	108
625	108
634	108
636	108
695	108
730	108
47	109
195	109
231	109
370	109
447	109
475	109
485	109
524	109
654	109
716	109
760	109
763	109
158	110
159	110
195	110
231	110
370	110
447	110
475	110
524	110
654	110
723	110
760	110
763	110
240	111
288	111
320	111
328	111
332	111
490	111
572	111
27	112
45	112
71	112
74	112
147	112
231	112
264	112
355	112
485	112
497	112
513	112
575	112
576	112
720	112
730	112
734	112
40	113
162	113
224	113
231	113
257	113
261	113
286	113
339	113
346	113
370	113
380	113
504	113
517	113
525	113
613	113
624	113
644	113
713	113
729	113
749	113
757	113
763	113
40	114
224	114
231	114
257	114
261	114
286	114
339	114
346	114
370	114
380	114
504	114
517	114
525	114
613	114
624	114
644	114
713	114
729	114
749	114
757	114
763	114
40	115
68	115
224	115
231	115
257	115
261	115
286	115
339	115
370	115
380	115
504	115
517	115
525	115
613	115
713	115
729	115
749	115
757	115
763	115
120	116
193	116
194	116
224	116
265	116
266	116
285	116
286	116
394	116
412	116
426	116
447	116
459	116
484	116
490	116
552	116
602	116
611	116
660	116
731	116
736	116
80	117
191	117
264	117
286	117
390	117
440	117
477	117
486	117
491	117
619	117
692	117
27	118
64	118
80	118
83	118
86	118
102	118
149	118
172	118
211	118
213	118
286	118
297	118
317	118
389	118
453	118
486	118
489	118
538	118
612	118
730	118
739	118
757	118
27	119
64	119
83	119
86	119
102	119
149	119
172	119
211	119
213	119
286	119
297	119
317	119
389	119
453	119
486	119
489	119
538	119
612	119
730	119
739	119
10	120
62	120
71	120
165	120
175	120
222	120
231	120
310	120
332	120
369	120
372	120
465	120
501	120
511	120
531	120
538	120
544	120
578	120
598	120
627	120
635	120
645	120
658	120
663	120
706	120
734	120
10	121
62	121
71	121
165	121
175	121
222	121
231	121
310	121
332	121
369	121
372	121
465	121
501	121
511	121
531	121
538	121
544	121
578	121
598	121
627	121
635	121
645	121
658	121
663	121
706	121
734	121
11	122
88	122
89	122
104	122
123	122
147	122
204	122
391	122
416	122
455	122
481	122
499	122
509	122
544	122
568	122
644	122
649	122
731	122
732	122
69	123
104	123
179	123
276	123
299	123
466	123
471	123
706	123
726	123
754	123
757	123
763	123
3	124
19	124
44	124
80	124
114	124
152	124
177	124
281	124
295	124
457	124
576	124
676	124
729	124
742	124
759	124
59	125
96	125
101	125
147	125
184	125
214	125
241	125
278	125
279	125
302	125
381	125
409	125
480	125
521	125
560	125
600	125
629	125
706	125
711	125
726	125
736	125
748	125
59	126
89	126
96	126
101	126
147	126
184	126
214	126
241	126
278	126
279	126
302	126
381	126
409	126
480	126
521	126
560	126
600	126
629	126
706	126
711	126
726	126
736	126
748	126
59	127
96	127
101	127
147	127
184	127
214	127
241	127
278	127
279	127
302	127
381	127
409	127
480	127
521	127
560	127
600	127
629	127
706	127
711	127
726	127
736	127
748	127
15	128
202	128
219	128
257	128
320	128
426	128
575	128
576	128
629	128
672	128
692	128
726	128
734	128
19	129
23	129
25	129
96	129
135	129
231	129
240	129
288	129
367	129
387	129
420	129
522	129
539	129
635	129
652	129
14	130
19	130
23	130
25	130
96	130
135	130
231	130
240	130
288	130
367	130
387	130
420	130
522	130
539	130
635	130
652	130
28	131
47	131
48	131
56	131
72	131
80	131
135	131
142	131
147	131
151	131
175	131
181	131
201	131
231	131
257	131
265	131
282	131
288	131
290	131
327	131
343	131
345	131
365	131
418	131
426	131
455	131
465	131
471	131
489	131
503	131
533	131
555	131
596	131
603	131
605	131
614	131
615	131
681	131
762	131
28	132
47	132
48	132
56	132
72	132
80	132
135	132
147	132
175	132
181	132
231	132
257	132
282	132
288	132
290	132
327	132
343	132
345	132
365	132
418	132
426	132
455	132
465	132
471	132
503	132
555	132
596	132
603	132
605	132
614	132
615	132
681	132
762	132
28	133
47	133
48	133
56	133
72	133
80	133
135	133
142	133
147	133
151	133
175	133
181	133
231	133
257	133
265	133
282	133
288	133
290	133
327	133
343	133
345	133
365	133
418	133
426	133
455	133
465	133
471	133
489	133
503	133
533	133
555	133
596	133
603	133
605	133
614	133
615	133
681	133
762	133
28	134
47	134
48	134
56	134
72	134
80	134
135	134
142	134
147	134
175	134
181	134
231	134
257	134
282	134
288	134
290	134
327	134
343	134
345	134
365	134
418	134
426	134
455	134
465	134
489	134
503	134
533	134
555	134
596	134
603	134
605	134
614	134
615	134
681	134
762	134
47	135
48	135
56	135
72	135
80	135
135	135
147	135
175	135
181	135
231	135
257	135
282	135
288	135
290	135
343	135
345	135
365	135
418	135
426	135
455	135
555	135
596	135
603	135
614	135
615	135
681	135
762	135
58	136
80	136
86	136
87	136
156	136
215	136
231	136
286	136
302	136
320	136
474	136
520	136
521	136
538	136
635	136
657	136
681	136
693	136
726	136
764	136
24	137
58	137
80	137
215	137
257	137
286	137
320	137
520	137
521	137
538	137
635	137
24	138
58	138
80	138
215	138
257	138
286	138
302	138
320	138
538	138
635	138
681	138
58	139
80	139
86	139
87	139
156	139
215	139
231	139
286	139
302	139
320	139
474	139
520	139
521	139
538	139
657	139
681	139
693	139
726	139
764	139
24	140
58	140
80	140
86	140
87	140
156	140
215	140
231	140
286	140
302	140
320	140
460	140
474	140
520	140
521	140
538	140
572	140
635	140
657	140
681	140
693	140
726	140
764	140
9	141
38	141
166	141
278	141
322	141
369	141
475	141
555	141
572	141
575	141
576	141
629	141
692	141
710	141
763	141
47	142
80	142
84	142
154	142
203	142
215	142
235	142
285	142
454	142
602	142
723	142
728	142
11	143
88	143
89	143
104	143
123	143
147	143
204	143
286	143
391	143
416	143
455	143
481	143
499	143
509	143
544	143
568	143
576	143
644	143
649	143
731	143
732	143
77	144
86	144
358	144
538	144
640	144
690	144
703	144
709	144
731	144
80	145
191	145
264	145
286	145
301	145
390	145
486	145
491	145
619	145
644	145
692	145
700	145
54	146
70	146
100	146
123	146
143	146
182	146
220	146
231	146
277	146
279	146
295	146
311	146
401	146
500	146
552	146
555	146
589	146
635	146
641	146
681	146
725	146
749	146
759	146
54	147
70	147
100	147
123	147
143	147
182	147
220	147
231	147
277	147
279	147
295	147
311	147
401	147
500	147
552	147
555	147
589	147
635	147
641	147
681	147
725	147
749	147
759	147
54	148
70	148
100	148
143	148
182	148
220	148
231	148
277	148
279	148
295	148
401	148
500	148
552	148
555	148
589	148
635	148
641	148
681	148
725	148
749	148
54	149
70	149
100	149
143	149
182	149
220	149
231	149
277	149
279	149
295	149
401	149
500	149
555	149
589	149
635	149
641	149
681	149
725	149
749	149
41	150
54	150
343	150
406	150
455	150
511	150
548	150
555	150
576	150
644	150
750	150
66	151
139	151
172	151
243	151
267	151
286	151
306	151
369	151
416	151
447	151
472	151
534	151
544	151
553	151
563	151
576	151
609	151
615	151
675	151
690	151
729	151
139	152
194	152
196	152
257	152
273	152
296	152
351	152
391	152
466	152
479	152
485	152
495	152
514	152
636	152
719	152
91	153
231	153
334	153
369	153
370	153
538	153
563	153
576	153
66	154
139	154
172	154
228	154
243	154
267	154
286	154
306	154
369	154
416	154
447	154
472	154
534	154
544	154
553	154
555	154
563	154
576	154
609	154
615	154
675	154
729	154
41	155
86	155
101	155
294	155
313	155
314	155
321	155
331	155
350	155
381	155
385	155
575	155
576	155
634	155
10	156
25	156
133	156
155	156
317	156
332	156
371	156
492	156
538	156
611	156
655	156
755	156
768	156
47	157
54	157
60	157
172	157
257	157
439	157
503	157
538	157
720	157
231	158
248	158
295	158
338	158
382	158
383	158
403	158
447	158
466	158
470	158
481	158
486	158
538	158
231	159
248	159
295	159
338	159
382	159
383	159
403	159
447	159
466	159
470	159
481	159
486	159
538	159
59	160
65	160
102	160
195	160
235	160
370	160
417	160
418	160
475	160
604	160
644	160
726	160
25	161
54	161
89	161
320	161
355	161
538	161
723	161
764	161
77	162
213	162
231	162
273	162
421	162
611	162
674	162
18	163
25	163
62	163
69	163
116	163
150	163
173	163
231	163
257	163
332	163
355	163
358	163
375	163
411	163
477	163
488	163
509	163
553	163
580	163
610	163
681	163
690	163
723	163
761	163
764	163
18	164
25	164
62	164
69	164
116	164
150	164
173	164
231	164
257	164
332	164
355	164
358	164
375	164
411	164
477	164
488	164
509	164
553	164
580	164
610	164
681	164
690	164
723	164
761	164
764	164
91	165
257	165
318	165
348	165
614	165
56	166
146	166
151	166
231	166
390	166
463	166
592	166
681	166
764	166
10	167
19	167
41	167
49	167
58	167
60	167
82	167
89	167
123	167
134	167
137	167
215	167
228	167
240	167
253	167
257	167
341	167
344	167
393	167
403	167
451	167
477	167
495	167
544	167
553	167
555	167
575	167
576	167
588	167
592	167
628	167
648	167
693	167
704	167
729	167
741	167
754	167
91	168
231	168
334	168
369	168
370	168
538	168
563	168
576	168
80	169
191	169
286	169
301	169
390	169
440	169
477	169
486	169
619	169
644	169
692	169
47	170
54	170
80	170
231	170
334	170
338	170
340	170
460	170
538	170
726	170
14	171
19	171
23	171
25	171
96	171
135	171
170	171
231	171
240	171
288	171
295	171
367	171
387	171
420	171
522	171
539	171
597	171
635	171
652	171
80	172
191	172
264	172
286	172
440	172
477	172
486	172
491	172
619	172
644	172
692	172
700	172
54	173
96	173
231	173
308	173
426	173
430	173
475	173
553	173
554	173
568	173
575	173
576	173
610	173
651	173
656	173
681	173
720	173
728	173
730	173
766	173
25	174
60	174
231	174
408	174
555	174
631	174
644	174
658	174
688	174
28	175
48	175
56	175
72	175
80	175
135	175
142	175
147	175
151	175
175	175
181	175
201	175
231	175
257	175
265	175
282	175
288	175
290	175
327	175
343	175
345	175
365	175
418	175
426	175
455	175
465	175
471	175
489	175
503	175
533	175
555	175
596	175
603	175
605	175
614	175
615	175
681	175
762	175
28	176
47	176
48	176
56	176
72	176
80	176
135	176
142	176
147	176
175	176
181	176
201	176
231	176
257	176
265	176
282	176
288	176
290	176
327	176
343	176
345	176
365	176
418	176
426	176
455	176
465	176
471	176
489	176
503	176
533	176
596	176
603	176
605	176
614	176
615	176
681	176
762	176
231	177
538	177
612	177
726	177
231	178
460	178
538	178
610	178
726	178
156	179
91	180
219	180
356	180
357	180
500	180
575	180
576	180
219	181
356	181
357	181
500	181
568	181
575	181
576	181
257	182
284	182
286	182
364	182
538	182
726	182
750	182
52	183
54	183
80	183
231	183
288	183
302	183
320	183
486	183
535	183
538	183
540	183
750	183
77	184
161	184
187	184
219	184
231	184
343	184
350	184
366	184
523	184
681	184
720	184
77	185
161	185
187	185
219	185
231	185
350	185
366	185
523	185
681	185
720	185
77	186
161	186
187	186
219	186
231	186
343	186
350	186
366	186
452	186
523	186
635	186
681	186
720	186
77	187
161	187
187	187
219	187
231	187
343	187
350	187
366	187
523	187
720	187
77	188
161	188
187	188
219	188
231	188
343	188
350	188
366	188
523	188
720	188
77	189
161	189
187	189
219	189
231	189
343	189
350	189
366	189
523	189
720	189
77	190
161	190
187	190
219	190
231	190
343	190
350	190
366	190
523	190
720	190
77	191
161	191
187	191
219	191
231	191
350	191
366	191
523	191
720	191
91	192
257	192
318	192
348	192
614	192
15	193
181	193
202	193
219	193
257	193
320	193
426	193
575	193
576	193
629	193
672	193
692	193
726	193
12	194
70	194
104	194
152	194
156	194
209	194
231	194
235	194
264	194
304	194
349	194
394	194
403	194
471	194
477	194
539	194
552	194
618	194
756	194
152	195
173	195
233	195
236	195
274	195
329	195
403	195
407	195
538	195
632	195
635	195
661	195
731	195
53	196
83	196
147	196
300	196
320	196
372	196
396	196
484	196
485	196
629	196
757	196
759	196
80	197
86	197
262	197
457	197
485	197
538	197
728	197
759	197
386	198
391	198
444	198
447	198
466	198
538	198
658	198
83	199
105	199
133	199
152	199
166	199
172	199
211	199
219	199
231	199
288	199
320	199
352	199
418	199
457	199
473	199
490	199
575	199
592	199
638	199
644	199
708	199
721	199
726	199
763	199
77	200
161	200
187	200
219	200
231	200
343	200
350	200
366	200
466	200
523	200
681	200
720	200
24	201
58	201
74	201
87	201
103	201
106	201
120	201
138	201
155	201
157	201
165	201
171	201
219	201
231	201
232	201
236	201
243	201
244	201
253	201
257	201
262	201
266	201
278	201
279	201
295	201
320	201
329	201
337	201
391	201
415	201
445	201
467	201
471	201
473	201
475	201
478	201
494	201
495	201
505	201
512	201
536	201
538	201
544	201
553	201
560	201
563	201
575	201
590	201
592	201
599	201
602	201
625	201
629	201
631	201
635	201
641	201
654	201
681	201
692	201
693	201
701	201
704	201
708	201
713	201
720	201
730	201
731	201
732	201
743	201
54	202
80	202
257	202
266	202
351	202
421	202
456	202
474	202
531	202
642	202
650	202
730	202
731	202
40	203
143	203
231	203
302	203
320	203
400	203
405	203
615	203
635	203
641	203
740	203
747	203
80	204
153	204
202	204
231	204
235	204
257	204
278	204
407	204
486	204
538	204
555	204
564	204
568	204
610	204
635	204
668	204
14	205
23	205
96	205
231	205
240	205
288	205
387	205
522	205
539	205
652	205
5	206
6	206
7	206
16	206
194	206
281	206
292	206
394	206
427	206
453	206
474	206
475	206
485	206
572	206
595	206
635	206
668	206
712	206
730	206
42	207
77	207
206	207
231	207
442	207
544	207
730	207
29	208
54	208
123	208
168	208
308	208
319	208
481	208
484	208
656	208
689	208
80	209
88	209
120	209
293	209
372	209
476	209
635	209
54	210
70	210
100	210
123	210
143	210
182	210
220	210
231	210
277	210
279	210
295	210
401	210
500	210
555	210
589	210
635	210
641	210
681	210
725	210
37	211
171	211
172	211
174	211
176	211
180	211
192	211
195	211
231	211
234	211
240	211
273	211
294	211
310	211
348	211
405	211
455	211
486	211
561	211
563	211
619	211
751	211
765	211
27	212
64	212
80	212
83	212
86	212
102	212
211	212
213	212
286	212
317	212
389	212
453	212
489	212
538	212
612	212
647	212
730	212
739	212
757	212
80	213
86	213
153	213
261	213
392	213
461	213
489	213
574	213
675	213
18	214
25	214
62	214
69	214
116	214
150	214
173	214
231	214
257	214
332	214
355	214
358	214
375	214
411	214
477	214
488	214
509	214
553	214
580	214
610	214
681	214
690	214
723	214
761	214
764	214
18	215
25	215
62	215
69	215
116	215
150	215
173	215
231	215
257	215
332	215
355	215
358	215
375	215
411	215
477	215
488	215
509	215
553	215
580	215
610	215
681	215
690	215
723	215
761	215
764	215
37	216
171	216
172	216
176	216
180	216
192	216
195	216
231	216
234	216
240	216
273	216
294	216
310	216
348	216
405	216
455	216
486	216
561	216
563	216
619	216
751	216
765	216
403	217
608	217
702	217
484	218
575	218
14	219
19	219
23	219
25	219
96	219
135	219
231	219
240	219
288	219
295	219
367	219
387	219
420	219
522	219
539	219
597	219
635	219
652	219
120	220
163	220
178	220
226	220
268	220
412	220
417	220
538	220
629	220
731	220
758	220
5	221
6	221
7	221
16	221
281	221
286	221
292	221
394	221
427	221
453	221
474	221
475	221
485	221
572	221
595	221
635	221
668	221
687	221
712	221
730	221
19	222
54	222
231	222
486	222
491	222
572	222
769	222
47	223
86	223
96	223
202	223
310	223
471	223
538	223
572	223
607	223
637	223
677	223
690	223
721	223
726	223
734	223
763	223
4	224
80	224
89	224
145	224
147	224
195	224
231	224
394	224
455	224
481	224
518	224
519	224
538	224
642	224
731	224
740	224
55	225
231	225
538	225
575	225
13	226
22	226
79	226
86	226
118	226
157	226
176	226
194	226
224	226
256	226
257	226
326	226
343	226
369	226
464	226
477	226
506	226
512	226
523	226
555	226
576	226
582	226
619	226
620	226
636	226
656	226
658	226
695	226
720	226
737	226
740	226
748	226
764	226
39	227
302	227
391	227
466	227
707	227
156	228
86	229
172	229
196	229
291	229
329	229
369	229
412	229
486	229
749	229
82	230
328	230
366	230
369	230
491	230
502	230
619	230
658	230
34	231
37	231
38	231
96	231
235	231
310	231
350	231
447	231
466	231
502	231
538	231
555	231
576	231
577	231
601	231
760	231
38	232
80	232
279	232
369	232
418	232
475	232
568	232
569	232
641	232
734	232
24	233
27	233
32	233
54	233
73	233
80	233
83	233
161	233
231	233
310	233
313	233
328	233
336	233
345	233
383	233
681	233
726	233
763	233
764	233
28	234
83	234
277	234
330	234
444	234
538	234
635	234
688	234
24	235
32	235
58	235
74	235
87	235
89	235
103	235
106	235
120	235
138	235
155	235
157	235
165	235
171	235
231	235
232	235
236	235
243	235
244	235
253	235
257	235
262	235
266	235
278	235
279	235
295	235
320	235
329	235
337	235
391	235
415	235
445	235
458	235
467	235
471	235
473	235
475	235
478	235
495	235
499	235
505	235
512	235
536	235
538	235
544	235
553	235
560	235
563	235
575	235
590	235
592	235
599	235
602	235
625	235
629	235
631	235
635	235
641	235
654	235
674	235
681	235
692	235
693	235
701	235
704	235
708	235
713	235
720	235
727	235
730	235
731	235
732	235
743	235
76	236
80	236
83	236
124	236
190	236
362	236
399	236
575	236
631	236
681	236
31	237
33	237
76	237
151	237
275	237
310	237
415	237
458	237
495	237
625	237
641	237
659	237
19	238
54	238
231	238
486	238
491	238
572	238
105	239
133	239
152	239
231	239
320	239
473	239
481	239
668	239
32	240
119	240
210	240
231	240
232	240
240	240
287	240
335	240
369	240
418	240
436	240
437	240
512	240
524	240
568	240
663	240
704	240
760	240
23	241
25	241
58	241
65	241
72	241
80	241
136	241
142	241
147	241
174	241
231	241
246	241
257	241
320	241
327	241
330	241
343	241
362	241
372	241
412	241
540	241
568	241
605	241
635	241
28	242
47	242
48	242
56	242
72	242
80	242
142	242
147	242
151	242
175	242
181	242
201	242
231	242
257	242
265	242
290	242
327	242
343	242
345	242
365	242
418	242
426	242
455	242
471	242
489	242
503	242
533	242
596	242
603	242
605	242
614	242
615	242
681	242
762	242
28	243
47	243
48	243
56	243
72	243
80	243
135	243
142	243
147	243
151	243
175	243
181	243
231	243
257	243
265	243
282	243
288	243
290	243
327	243
343	243
345	243
365	243
418	243
426	243
455	243
465	243
471	243
489	243
503	243
533	243
555	243
596	243
603	243
605	243
614	243
615	243
681	243
762	243
28	244
47	244
48	244
56	244
72	244
80	244
135	244
142	244
147	244
151	244
175	244
181	244
231	244
257	244
265	244
282	244
288	244
290	244
327	244
343	244
345	244
365	244
418	244
426	244
455	244
465	244
471	244
489	244
503	244
533	244
555	244
596	244
603	244
605	244
614	244
615	244
681	244
762	244
28	245
47	245
48	245
56	245
72	245
80	245
142	245
147	245
151	245
175	245
181	245
201	245
231	245
257	245
265	245
288	245
290	245
327	245
343	245
345	245
365	245
418	245
426	245
455	245
465	245
471	245
489	245
503	245
533	245
596	245
603	245
605	245
614	245
615	245
681	245
762	245
28	246
47	246
48	246
56	246
72	246
80	246
135	246
142	246
147	246
151	246
175	246
181	246
201	246
231	246
257	246
265	246
282	246
288	246
290	246
327	246
343	246
345	246
365	246
418	246
426	246
455	246
465	246
471	246
489	246
503	246
533	246
555	246
596	246
603	246
605	246
614	246
615	246
681	246
762	246
87	247
146	247
151	247
171	247
231	247
265	247
287	247
332	247
339	247
347	247
403	247
418	247
531	247
555	247
598	247
604	247
614	247
694	247
726	247
25	248
27	248
75	248
139	248
332	248
469	248
471	248
479	248
481	248
538	248
619	248
630	248
693	248
712	248
52	249
80	249
83	249
231	249
294	249
295	249
302	249
400	249
531	249
618	249
706	249
80	250
101	250
147	250
161	250
227	250
231	250
270	250
298	250
307	250
403	250
466	250
481	250
576	250
757	250
381	251
748	251
761	251
381	252
748	252
761	252
86	253
271	253
310	253
332	253
612	253
670	253
48	254
325	254
359	254
532	254
744	254
55	255
96	255
286	255
369	255
525	255
526	255
555	255
671	255
678	255
724	255
19	256
47	256
231	256
253	256
360	256
575	256
598	256
618	256
726	256
752	256
458	257
572	257
685	257
30	258
34	258
123	258
147	258
228	258
231	258
400	258
535	258
643	258
669	258
11	259
59	259
83	259
89	259
115	259
138	259
162	259
212	259
286	259
313	259
320	259
379	259
529	259
538	259
576	259
580	259
606	259
676	259
730	259
11	260
88	260
89	260
104	260
123	260
147	260
204	260
286	260
391	260
416	260
455	260
481	260
499	260
509	260
544	260
568	260
644	260
649	260
731	260
732	260
24	261
173	261
280	261
294	261
309	261
427	261
503	261
723	261
748	261
10	262
19	262
41	262
49	262
58	262
60	262
82	262
89	262
123	262
134	262
137	262
215	262
228	262
240	262
253	262
257	262
341	262
344	262
393	262
403	262
451	262
477	262
495	262
544	262
553	262
555	262
575	262
576	262
588	262
592	262
628	262
648	262
693	262
704	262
729	262
754	262
171	263
200	263
224	263
291	263
321	263
396	263
420	263
519	263
524	263
555	263
568	263
590	263
611	263
613	263
672	263
690	263
723	263
37	264
224	264
231	264
273	264
311	264
509	264
538	264
555	264
636	264
690	264
712	264
720	264
727	264
730	264
80	265
140	265
320	265
361	265
734	265
756	265
77	266
86	266
358	266
441	266
538	266
597	266
640	266
690	266
703	266
709	266
731	266
9	267
48	267
132	267
196	267
280	267
286	267
365	267
442	267
466	267
473	267
475	267
486	267
538	267
562	267
575	267
681	267
690	267
763	267
80	268
191	268
264	268
286	268
390	268
440	268
477	268
486	268
491	268
619	268
692	268
700	268
80	269
191	269
264	269
286	269
390	269
440	269
477	269
486	269
491	269
619	269
644	269
692	269
700	269
23	270
25	270
58	270
65	270
72	270
80	270
96	270
136	270
142	270
147	270
151	270
174	270
181	270
231	270
246	270
257	270
265	270
290	270
320	270
327	270
330	270
343	270
353	270
362	270
365	270
372	270
395	270
412	270
420	270
474	270
503	270
540	270
568	270
596	270
604	270
605	270
614	270
635	270
652	270
681	270
24	271
192	271
203	271
219	271
310	271
555	271
568	271
686	271
718	271
751	271
763	271
37	272
171	272
172	272
174	272
176	272
180	272
192	272
195	272
231	272
234	272
240	272
273	272
294	272
310	272
348	272
405	272
455	272
486	272
561	272
563	272
619	272
751	272
765	272
